Num_Acc;an;mois;jour;hrmn;lum;agg;int;atm;col;com;adr;gps;lat;long;dep
200700012500;7;3;27;1945;1;1;1;1;1;369;;M;0.0;0.0;10
200700012508;7;3;2;1440;1;1;1;1;3;98;CD1504 PK45+400;M;0.0;0.0;10
200700012596;7;3;17;1615;1;2;1;1;3;21;Le Bourg;M;4551700.0;410500.0;420
200700012643;7;3;10;1520;1;1;1;1;3;220;T NOTRE DAME et REIGNIER;M;0.0;0.0;740
200700012648;7;3;6;1900;3;1;1;1;3;314;;M;0.0;0.0;740
200700012653;7;3;14;1600;1;1;1;7;1;199;;M;4636100.0;630700.0;740
200700012745;7;3;25;1745;1;2;9;1;3;402;Rue des Jardins;M;4928500.0;581300.0;540
200700012746;7;3;17;1515;1;1;2;1;3;359;;M;4852000.0;640100.0;540
200700012760;7;3;4;1115;1;1;1;1;3;317;;M;4911900.0;558500.0;550
200700012788;7;3;8;1415;1;2;1;1;3;554;WOLXHEIM LE CANAL;M;4857200.0;750000.0;670
200700012803;7;3;28;1530;1;1;1;1;3;181;;M;4860600.0;757500.0;670
200700012814;7;3;16;945;1;2;1;1;3;338;Route des Trois-épis;M;0.0;0.0;680
200700012824;7;3;10;1330;1;2;3;1;3;135;RUE DE BUSCHWILLER;M;4757500.0;751300.0;680
200700012834;7;3;7;1800;1;2;1;1;1;511;Rue du Château;M;4862200.0;374500.0;510
200700012844;7;3;4;1845;2;1;1;1;1;65;;M;4872300.0;455300.0;510
200700012878;7;3;8;1820;1;2;1;1;3;60;rue de Magny;M;0.0;0.0;210
200700012899;7;3;13;1745;1;2;3;1;1;221;RUE DE CLUNY;M;0.0;0.0;710
200700012913;7;3;29;1300;1;2;4;1;3;263;rue d'Alsace;M;0.0;0.0;710
200700012951;7;3;28;1215;1;1;1;1;2;240;ute des Baraques Chardin;M;0.0;0.0;700
200700012969;7;3;28;1545;1;1;1;1;1;16;;M;0.0;0.0;130
200700013003;7;3;16;1715;1;1;3;1;3;138;2, quartier la lombardie;M;0.0;0.0;830
200700013029;7;3;31;1845;2;1;1;1;3;35;;M;0.0;0.0;830
200700013073;7;3;16;1000;1;2;1;1;3;119;av de l'Espinouse;M;4359800.0;311100.0;340
200700013121;7;3;24;1430;1;2;1;1;1;179;RUE Léon Gambetta;M;4388100.0;459300.0;300
200700013150;7;3;21;730;1;1;1;1;1;303;;M;4228000.0;954300.0;202
200700013158;7;3;31;1315;1;1;1;1;2;193;CD 91;M;0.0;0.0;780
200700013187;7;3;27;900;1;2;1;1;1;470;rue de paris;M;4874500.0;276600.0;770
200700013200;7;3;7;1145;1;2;1;1;1;182;route de la ferte;M;4768600.0;178600.0;450
200700013209;7;3;8;1700;1;2;1;1;1;155;route d'orleans;M;0.0;0.0;450
200700013225;7;3;15;1630;1;1;2;1;3;87;;M;4689500.0;255500.0;180
200700013234;7;3;1;2210;5;2;1;1;3;15;route de Janville;M;0.0;0.0;280
200700013247;7;3;25;1945;3;1;1;1;2;71;;M;0.0;0.0;280
200700013275;7;3;27;1800;1;2;1;1;5;266;rue de la Championnière;M;0.0;0.0;370
200700013330;7;3;13;1755;1;2;3;1;1;118;rue du général de Gaulle;M;0.0;0.0;680
200700013364;7;3;2;1210;1;2;1;1;3;323;rue de l'Oise;M;0.0;0.0;950
200700013391;7;3;14;1545;1;2;1;1;1;268;route des creuses;M;0.0;0.0;740
200700013399;7;3;26;2030;1;2;1;1;3;157;2 Avenue F MITTERAND;M;0.0;0.0;310
200700013429;7;3;5;1715;1;1;1;1;1;326;;M;4863400.0;770500.0;670
200700013431;7;3;4;1000;1;1;1;1;1;193;;M;4561000.0;521000.0;380
200700013469;7;3;16;730;2;2;1;5;1;356;rue des Ecoles /CD 938;M;4872800.0;208900.0;780
200700013486;7;3;5;1700;1;2;1;1;1;539;Chemin du cimetière;M;0.0;0.0;600
200700013505;7;3;10;1645;1;2;1;1;1;46;Place de la mairie;M;0.0;0.0;690
200700013507;7;3;25;2100;5;2;2;1;6;100;rue de la damette;M;0.0;0.0;690
200700013523;7;3;26;730;2;2;1;1;6;691;:, CHOQUART (RUE PIERRE);;;;20
200700013583;7;3;19;2040;5;2;1;1;2;123;VESPINS ROUTE DES;;;;60
200700013632;7;3;27;1708;1;2;1;1;3;29;55, CARNOT (BOULEVARD);;;;60
200700013651;7;3;20;1335;1;2;1;8;1;69;62, SEMARD (AVENUE PIERR;;;;60
200700013753;7;3;21;1815;1;2;1;1;2;88;15, DESAMBROIS (AV.);;;;60
200700013762;7;3;26;800;1;2;1;1;2;88;0, ANGLAIS (DU N° 45 AU;;;;60
200700013797;7;3;10;1900;2;2;1;1;3;325;000, PHILIPPE THOMASSIN;;;;100
200700013879;7;3;7;610;5;2;3;8;3;55;00, BONNEVEINE (AVENUE);;;;130
200700013935;7;3;15;1400;1;2;1;1;2;55;LITTORAL (CHEMIN DU);;;;130
200700014035;7;3;29;1020;1;2;1;1;5;55;JOLIETTE (QUAI DE LA);;;;130
200700014040;7;3;22;2000;1;2;1;1;3;55;CAPELETTE (AVENUE DE LA);;;;130
200700014072;7;3;26;920;1;2;1;1;3;55;MAZARGUES (AVENUE DE);;;;130
200700014109;7;3;3;1250;1;2;2;1;3;117;MONNET ( AVENUE JEAN );;;;130
200700014138;7;3;6;1640;1;2;1;1;1;14;DAGUERRE (RUE);;;;150
200700014150;7;3;23;1720;1;2;2;2;3;299;172990307, QUATORZE JUIL;;;;170
200700014164;7;3;14;1359;1;2;1;1;3;300;34, SIMENON   QUAI GEORG;;;;170
200700014177;7;3;21;900;1;2;1;1;3;306;0, EXPRESS (VOIE);;;;170
200700014181;7;3;14;1350;1;2;6;1;3;415;SAINTONGE PONT A RUE GAU;;;;170
200700014183;7;3;26;1455;1;2;6;1;3;415;BRIGADE RAC ROND POINT;;;;170
200700014226;7;3;14;1411;1;2;2;1;3;231;MIRANDE (DE) (RUE);;;;210
200700014297;7;3;17;1420;1;2;2;1;3;56;GAULARD AVENUE < 14;;;;250
200700014306;7;3;30;1810;1;2;1;4;1;56;sans, CUSENIER AVENUE EL;;;;250
200700014314;7;3;13;1000;1;2;1;1;6;281;NEANT, ROURE REMY(BOULEV;;;;260
200700014316;7;3;19;1820;5;2;6;8;6;281;ALLOBROGES (PONT DES);;;;260
200700014325;7;3;18;1340;1;2;6;1;3;58;SANS N, SAPINS ALLEE DES;;;;260
200700014356;7;3;3;1820;2;2;1;1;3;85;sans, COURTILLE (BOULEVA;;;;280
200700014357;7;3;6;850;2;2;1;1;2;110;sans, VOVES (RUE DE);;;;280
200700014370;7;3;18;1925;1;2;3;1;3;134;59, LECLERC (AVENUE DU G;;;;280
200700014410;7;3;16;1420;1;2;6;1;3;7;RESCA (PONT DE);;;;300
200700014468;7;3;3;1930;5;2;4;1;3;69;118, GRENADE (ROUTE DE);;;;310
200700014478;7;3;1;1425;1;2;1;1;3;555;68, BD MATABIAU;;;;310
200700014481;7;3;2;145;5;2;1;1;2;555;999, BD LAZARE CARNOT;;;;310
200700014489;7;3;4;1655;1;2;1;1;2;555;40, CHE DES CAPELLES;;;;310
200700014494;7;3;6;924;1;2;3;1;1;555;999, RUE DES TROENES;;;;310
200700014540;7;3;18;850;1;2;1;1;6;555;113, AV CAMILLE PUJOL;;;;310
200700014556;7;3;24;1800;1;2;1;8;3;555;45, BD LAZARE CARNOT;;;;310
200700014568;7;3;29;708;2;2;1;1;3;555;102, CHE DE GABARDIE;;;;310
200700014583;7;3;12;1715;1;2;1;1;3;557;44, JAURES (AV JEAN);;;;310
200700014586;7;3;28;720;2;2;3;1;1;557;225, DOUMERGUE (RUE GAST;;;;310
200700014593;7;3;23;1030;1;2;6;2;3;9;1, MESTREZAT (BD);;;;330
200700014612;7;3;8;1845;1;2;4;1;3;63;RUE LAPORTE CAUD;;;;330
200700014631;7;3;14;1800;1;2;1;1;6;63;PCE MARTYRS DE LA RESIST;;;;330
200700014642;7;3;16;1800;1;2;2;1;3;63;RUE DE LA BENAUGE;;;;330
200700014656;7;3;20;815;1;2;2;1;3;63;CRS DE LA MARNE;;;;330
200700014667;7;3;23;940;1;2;1;2;3;63;RUE GASTON MARCHOU;;;;330
200700014689;7;3;27;1200;1;2;1;1;3;281;90, AVE DE LA LIBERATION;;;;330
200700014702;7;3;30;830;1;2;2;1;3;522;RUE PACARIS;;;;330
200700014749;7;3;9;1132;1;2;1;1;7;172;36, CLEMENCEAU (AVENUE G;;;;340
200700014755;7;3;12;1740;1;2;1;1;3;172;3, DORIA (RUE);M;4361213.0;386680.0;340
200700014785;7;3;29;1850;1;2;1;1;6;172;61, STRASBOURG (BOULEVAR;M;4360350.0;388782.0;340
200700014806;7;3;8;1330;1;1;3;1;6;238;BEETHOVEN (ALLEE);;;;350
200700014824;7;3;21;720;1;2;7;1;3;238;00, ROTONDE (PLACE DE LA;;;;350
200700014825;7;3;21;755;1;2;1;7;3;238;31, SOLFERINO (BD);;;;350
200700014826;7;3;21;1510;1;2;6;1;3;238;00, FORCES FRANCAISES DE;;;;350
200700014828;7;3;23;755;1;2;2;1;6;238;00, GUEHENNO (JEAN);;;;350
200700014835;7;3;31;1835;1;2;2;1;7;238;00, DINAN (DE);;;;350
200700014850;7;3;27;2020;5;2;2;1;3;44;0, 1945 (DU 8 MAI);;;;360
200700014854;7;3;9;1655;1;2;3;1;3;195;SAINT-GENOUPH (ROUTE DE);;;;370
200700014858;7;3;14;1720;1;2;6;1;6;261;VERDUN (CARREFOUR DE);;;;370
200700014865;7;3;27;1429;1;2;1;1;6;261;BERT (QUAI PAUL);;;;370
200700014878;7;3;13;1710;1;2;1;1;6;421;00, POTIE (AVENUE) ENTRE;;;;380
200700014901;7;3;5;825;1;2;6;1;3;192;PLACE STANISLAS BARON;;;;400
200700014904;7;3;21;2100;5;2;1;1;6;192;HIROIRE (IMPASSE DE LA);;;;400
200700014907;7;3;11;1720;1;2;6;1;3;18;WILSON (AVENUE DU PRESID;;;;410
200700014928;7;3;13;1045;1;2;2;1;3;147;2, CHAVASSIEU (BOULEVARD;;;;420
200700014940;7;3;3;1135;1;2;1;1;6;330;2, HOTEL DE VILLE;;;;420
200700014948;7;3;12;756;1;2;1;1;3;218;5, TISSOT JEAN CLAUDE;;;;420
200700014983;7;3;9;1015;1;2;9;1;3;109;sans, BOULEVARD GUSTAVE;;;;440
200700015007;7;3;29;920;1;2;1;1;2;109;., BOULEVARD PAUL CHABAS;;;;440
200700015012;7;3;2;1532;1;1;1;3;3;184;61, MERMOZ (BOULEVARD JE;;;;440
200700015043;7;3;3;950;1;1;1;2;6;156;DEPARTEMENTALE 653 (ENTR;;;;460
200700015046;7;3;2;1019;1;2;3;8;3;1;JAURES (AV. JEAN);;;;470
200700015074;7;3;7;1658;1;2;3;8;3;15;0, GRANDE PLANCHE AVENUE;;;;490
200700015075;7;3;8;1358;1;2;1;8;6;7;4, BELFORT;;;;490
200700015076;7;3;8;1649;1;2;1;1;7;7;36, FAYE;;;;490
200700015079;7;3;12;1343;1;2;1;1;7;7;0, KING MARTIN-LUTHER RU;;;;490
200700015089;7;3;19;1358;1;2;1;8;3;7;0, DAVIERS BOULEVARD;;;;490
200700015097;7;3;29;1956;2;2;1;1;7;246;21, DAVID D'ANGERS;;;;490
200700015100;7;3;31;1033;1;2;6;1;6;7;0, VIGNE PLACE ET RUE;;;;490
200700015101;7;3;28;1430;1;1;1;1;6;246;0, levée de sainte gemme;;;;490
200700015126;7;3;29;815;1;1;1;1;6;602;171, CAPLAIN (RUE DU);;;;500
200700015132;7;3;27;1900;1;2;1;1;3;165;2, PIERRE AIGUE (RUE DE;;;;500
200700015137;7;3;13;1210;1;2;1;1;2;108;1, VERDUN (PL DE);;;;510
200700015141;7;3;3;655;5;2;2;1;3;454;VASCO DE GAMMA (BOULEVAR;;;;510
200700015174;7;3;6;955;1;2;1;1;6;448;12, HUGO (AVENUE VICTOR);;;;520
200700015184;7;3;27;1820;1;2;1;1;3;130;50, HAUTE FOLLIS ( RUE );;;;530
200700015204;7;3;10;900;1;2;6;1;3;439;SAULXURES (RUE DE);;;;540
200700015208;7;3;9;630;2;2;3;1;7;482;1, CARNOT (AVENUE);;;;540
200700015233;7;3;29;1435;1;2;4;2;2;395;1, TOMBLAINE (RUE DE);;;;540
200700015255;7;3;11;915;1;2;6;1;3;121;., MULLER ( DU COLONEL J;;;;560
200700015257;7;3;14;1502;1;2;1;1;7;98;07, MARAT (RUE JEAN PAUL;;;;560
200700015266;7;3;25;405;5;2;1;1;7;121;., SIMON (RUE  JULES );;;;560
200700015268;7;3;27;1855;1;2;6;1;3;121;., NORMANDIE ( BD ET IMP;;;;560
200700015270;7;3;28;1805;1;2;4;1;6;107;., LEROY QUERET (RUE DES;;;;560
200700015283;7;3;31;1205;1;2;3;1;3;260;., CUXHAVEN(PLACE DE);;;;560
200700015305;7;3;14;1900;5;1;3;1;3;463;00, ANDRE MAGINOT (BOULE;;;;570
200700015313;7;3;29;1210;1;2;1;1;2;463;00, LOUIS GANNE (RUE );;;;570
200700015318;7;3;26;1700;1;2;1;1;3;630;0, CLEMENCEAU (AV);;;;570
200700015325;7;3;13;1600;1;2;1;1;2;757;NATIONALE (RUE);;;;570
200700015331;7;3;27;835;1;2;1;1;7;194;sans, SAINT BENIN;;;;580
200700015332;7;3;29;1320;1;2;1;2;7;194;17, REPUBLIQUE (BOULEVAR;;;;580
200700015343;7;3;30;1740;1;1;1;1;3;431;EPINETTE (RUE DE L' );;;;590
200700015370;7;3;2;1340;1;2;1;1;3;295;79, BOULEVARD ABBE LEMIR;;;;590
200700015388;7;3;9;1745;1;2;1;1;6;350;Sans objet, IENA RUE D';;;;590
200700015395;7;3;13;1230;1;2;1;7;6;9;22, GUESDE JULES RUE;;;;590
200700015405;7;3;16;1230;1;2;1;1;6;350;9, BASSEE RUE DE LA;;;;590
200700015409;7;3;18;1655;1;2;1;1;6;350;83, ARC RUE JEANNE D N°1;;;;590
200700015412;7;3;13;620;2;2;6;1;6;9;Sans objet, FERRY JULES;;;;590
200700015420;7;3;22;1430;1;2;1;1;6;350;35, HUGO VICTOR  BVD N°I;;;;590
200700015428;7;3;28;720;1;2;3;1;3;9;LANNOY RUE DE;;;;590
200700015438;7;3;11;1220;1;2;1;1;3;225;ROGER SALENGRO (RUE);;;;590
200700015445;7;3;4;300;5;2;2;1;3;512;BEAUMONT (RUE DE);;;;590
200700015457;7;3;13;1755;1;2;1;1;3;512;LANNOY (RUE DE);;;;590
200700015460;7;3;15;1355;1;2;1;1;3;512;D'ANGERS  (RUE DAVID;;;;590
200700015467;7;3;11;1645;1;2;1;1;3;650;LEERS (RUE DE);;;;590
200700015469;7;3;17;1530;1;2;1;1;3;512;BOIS (RUE DU);;;;590
200700015473;7;3;14;1823;1;2;3;1;3;650;PERI (RUE GABRIEL);;;;590
200700015488;7;3;31;1400;1;2;1;1;3;512;LILLE (RUE DE);;;;590
200700015505;7;3;29;810;1;2;4;5;1;90;SIX (ABBE)29A41;;;;590
200700015510;7;3;7;1645;1;2;1;1;2;606;HARPIGNIES (BOULEVARD HE;;;;590
200700015523;7;3;9;1755;1;2;3;1;3;397;FRESNAY (ROUTE DE);;;;610
200700015528;7;3;5;1215;1;1;1;1;2;13;DEPARTEMENTALE 3;;;;620
200700015536;7;3;17;1200;1;2;1;1;3;570;21, SALLAUMINES;;;;620
200700015541;7;3;20;1235;1;2;1;2;3;108;1, AUGUSTE FROMENTIN;;;;620
200700015587;7;3;27;2100;3;1;1;1;2;224;RD 943;;;;620
200700015601;7;3;7;1635;1;2;1;1;6;113;-, CLAUSSMAN (RUE);;;;630
200700015609;7;3;13;734;1;2;1;1;6;113;MAYER (BD DANIEL);;;;630
200700015618;7;3;16;1820;1;2;9;1;6;113;6, ESTAING (RUE D');;;;630
200700015651;7;3;2;2050;5;2;1;2;7;24;77, ADOUR (AVENUE DE L');;;;640
200700015666;7;3;11;1830;1;1;1;1;3;335;1, SALIE;;;;640
200700015672;7;3;13;1620;1;2;1;1;3;445;312, PAIX;;;;640
200700015680;7;3;23;1655;1;2;1;2;7;445;LEON BERARD;;;;640
200700015681;7;3;23;2355;5;2;1;2;6;445;2, DUFAU;;;;640
200700015683;7;3;25;1225;1;2;6;2;3;445;CONDORCET;;;;640
200700015692;7;3;15;1140;1;2;3;1;3;260;LARROUN (RUE DE);;;;640
200700015697;7;3;6;1725;1;2;1;2;3;440;19, MARTINET (BOULEVARD;;;;650
200700015700;7;3;8;923;1;2;1;8;6;440;2, GONNES (RUE DE);;;;650
200700015710;7;3;17;1400;1;2;1;1;6;440;., COUBERTIN (AVENUE PIE;;;;650
200700015716;7;3;26;715;2;2;6;2;3;417;., REPUBLIQUE (RUE DE LA;;;;650
200700015728;7;3;28;1810;1;2;3;1;3;180;BITCHE (ROUTE DE);;;;670
200700015729;7;3;26;507;5;2;1;1;2;462;7, GENERAL DE GAULLE (AV;;;;670
200700015733;7;3;10;135;5;2;3;2;6;482;SERRURIERS (RUE DES);;;;670
200700015737;7;3;12;803;1;2;2;1;3;482;00, SEBASTIEN BRANT (PLA;;;;670
200700015754;7;3;26;1540;1;2;1;1;6;447;MARAIS (RUE DU);;;;670
200700015756;7;3;26;1755;1;2;3;1;3;482;RATHSAMSHAUSEN (RUE DE);;;;670
200700015761;7;3;30;1600;1;2;2;1;3;482;00, GENERAL KOENIG (QUAI;;;;670
200700015768;7;3;27;1250;1;2;5;1;3;66;1, ALSACE (RUE D');;;;680
200700015773;7;3;7;1050;1;2;3;1;3;224;DOLLER (RUE DE LA);;;;680
200700015779;7;3;20;1215;1;1;3;2;3;224;76, BRIAND (AVENUE ARIST;;;;680
200700015795;7;3;8;1330;1;2;1;1;3;259;CLOS VERGER (DU);;;;690
200700015823;7;3;15;855;1;2;2;5;3;153;COLIN (RUE);;;;710
200700015849;7;3;9;1725;1;2;1;1;3;181;31, BOLLEE (AV) N° IMP 1;;;;720
200700015859;7;3;19;1725;1;2;1;2;3;181;146, PAVE (RUE DU)  N° P;;;;720
200700015894;7;3;13;840;1;2;1;1;2;12;ESSERTS (RUE DES);;;;740
200700015903;7;3;1;925;1;2;1;1;6;2;10 R D CASANOVA;;;;750
200700015910;7;3;2;1445;1;2;1;1;3;11;134 AV PARMENTIER;;;;750
200700015924;7;3;3;1643;1;2;3;1;6;12;AV DE SAINT MANDE VLA DE;;;;750
200700015931;7;3;1;810;1;2;2;1;3;15;BD PASTEUR BD DE VAUGIRA;;;;750
200700015939;7;3;2;1105;1;2;3;1;6;7;R DE SEVRES R VELPEAU;;;;750
200700015951;7;3;4;230;5;2;1;1;6;3;36 R DE TURBIGO;;;;750
200700015958;7;3;4;1350;1;2;1;1;6;20;62 BD DAVOUT;;;;750
200700015962;7;3;5;1805;1;2;1;1;3;14;56 BD JOURDAN;;;;750
200700015969;7;3;5;1215;1;2;2;1;3;1;R DU LOUVRE R SAINT HONO;;;;750
200700015986;7;3;5;1700;1;2;5;1;3;20;R DE BAGNOLET PL PORTE B;;;;750
200700016006;7;3;7;955;1;2;2;1;3;1;R RAMBUTEAU BD DE SEBAST;;;;750
200700016032;7;3;6;1610;1;2;3;2;6;18;AV PTE MONTMARTRE R RENE;;;;750
200700016035;7;3;7;845;1;2;1;1;3;19;194 BD MACDONALD;;;;750
200700016040;7;3;8;1150;1;2;1;1;6;12;RTE DAUPHINE;;;;750
200700016054;7;3;11;1040;1;2;3;1;7;12;RTE DAUPHINE RTE DE LA F;;;;750
200700016108;7;3;12;1715;1;2;1;1;6;16;108 AV VICTOR HUGO;;;;750
200700016119;7;3;12;750;1;2;2;1;3;6;R BONAPARTE R DU FOUR;;;;750
200700016150;7;3;12;1746;1;2;1;1;3;15;54 R DE VOUILLE;;;;750
200700016169;7;3;13;1140;1;2;1;1;3;4;42 R DE RIVOLI;;;;750
200700016173;7;3;15;1840;2;2;3;1;6;19;R DES ARDENNES QU DE LA;;;;750
200700016174;7;3;13;1905;1;2;1;1;3;15;28 R LINOIS;;;;750
200700016176;7;3;13;1800;1;2;1;1;2;15;4 R DE L ARMORIQUE;;;;750
200700016178;7;3;13;1145;1;2;2;1;3;15;R DU HAMEAU BD VICTOR;;;;750
200700016190;7;3;15;1910;5;2;1;1;3;15;48 AV DU MAINE;;;;750
200700016204;7;3;14;1050;1;2;2;1;3;15;BD PASTEUR BD DE VAUGIRA;;;;750
200700016223;7;3;17;1915;5;2;1;1;3;17;124 R SAUSSURE;;;;750
200700016226;7;3;17;1805;1;2;2;1;3;19;AV DE FLANDRE R DE L OUR;;;;750
200700016248;7;3;18;1020;1;2;1;2;3;16;L 15052 R CHARDON LAGACH;;;;750
200700016264;7;3;19;1345;1;2;1;8;2;15;34 R DESNOUETTES;;;;750
200700016292;7;3;20;1807;1;2;2;2;3;14;BD EDGAR QUINET R EMILE;;;;750
200700016301;7;3;20;1500;1;2;1;1;6;10;200 R SAINT MAUR;;;;750
200700016309;7;3;20;1945;5;2;1;2;7;12;84 R DE REUILLY;;;;750
200700016322;7;3;21;1700;1;2;3;1;3;19;R BURNOUF BD DE LA VILLE;;;;750
200700016351;7;3;14;1355;1;2;2;1;3;10;R FG SAINT DENIS R LA FA;;;;750
200700016431;7;3;27;1720;1;2;2;1;3;4;R DE L AVE MARIA R DU FA;;;;750
200700016434;7;3;27;1650;1;2;1;1;7;8;L2367 AV DE MARIGNY;;;;750
200700016446;7;3;26;1255;1;2;4;1;3;15;AV FELIX FAURE R FELIX F;;;;750
200700016452;7;3;27;1915;1;2;2;1;3;19;AV JEAN JAURES AV LAUMIE;;;;750
200700016456;7;3;26;1915;5;2;3;1;2;19;R D AUBERVILLIERS R DE L;;;;750
200700016460;7;3;22;1830;1;2;1;1;6;15;18 BD DE GRENELLE;;;;750
200700016463;7;3;27;1730;1;2;2;1;3;14;PL DENF ROCHEREAU AV GEN;;;;750
200700016480;7;3;24;2035;5;2;1;2;3;10;22 BD DE MAGENTA;;;;750
200700016544;7;3;23;2225;5;2;5;8;6;12;SQ COURTELINE BD DE PICP;;;;750
200700016548;7;3;26;1500;1;2;1;1;3;11;6 AV DE LA REPUBLIQUE;;;;750
200700016584;7;3;21;1520;1;2;1;8;3;19;30 AV DE FLANDRE;;;;750
200700016621;7;3;14;1635;1;2;3;1;3;12;QU DE BERCY PO DE TOLBIA;;;;750
200700016646;7;3;27;730;2;2;1;1;3;13;25 QU D IVRY;;;;750
200700016648;7;3;27;1810;1;2;1;1;6;18;70 BD DE CLICHY;;;;750
200700016678;7;3;7;1800;1;2;3;1;3;681;1, COUBERTIN. COURS PIER;;;;760
200700016680;7;3;9;1425;1;2;2;1;3;212;1, PAIX. BOULEVARD DE LA;;;;760
200700016705;7;3;13;1245;1;2;1;1;6;108;72, RESISTANCE (AVENUE D;;;;770
200700016718;7;3;10;2025;3;2;1;1;3;320;36, BIBARNOUX (RUE DES);;;;770
200700016732;7;3;20;845;1;2;1;1;3;284;1, VICTOIRE (IMP.DE LA);;;;770
200700016744;7;3;10;830;1;2;2;1;2;122;MARCHE(RUE DU);;;;770
200700016771;7;3;30;1510;1;2;9;1;3;138;30, LEGRAND (RUE EDOUARD;;;;780
200700016772;7;3;9;1215;1;2;2;2;3;397;0, Charles de Gaulle (Av;;;;780
200700016799;7;3;6;1735;5;2;1;3;3;490;1, REGNIER (RUE JULES);;;;780
200700016805;7;3;12;1625;1;2;6;1;3;643;EUROPE ROND POINT DE L';;;;780
200700016824;7;3;7;1145;1;2;1;1;3;586;CLEMENCEAU (G.) N°1 A 53;;;;780
200700016827;7;3;14;1800;1;2;1;1;6;586;MAUPASSANT (GUY DE) N° I;;;;780
200700016829;7;3;28;1505;1;2;3;1;6;586;4, BERRY N° IMPAIR;;;;780
200700016830;7;3;28;1910;1;2;1;1;3;586;72, REPUBLIQUE (AVENUE);;;;780
200700016858;7;3;11;1105;1;2;6;1;3;1;AMIENS (d');;;;800
200700016866;7;3;12;835;1;2;1;1;3;21;0, FRANKLIN ROOSEVELT (R;;;;800
200700016895;7;3;22;820;1;2;3;1;3;65;DE GAULLE RD 612 (AV. CH;;;;810
200700016904;7;3;14;1944;5;2;2;1;3;163;MISTRAL (FREDERIC);;;;810
200700016924;7;3;21;1800;1;2;1;1;3;129;000, RAYOLET (CORNICHE D;;;;830
200700016928;7;3;19;1750;2;2;2;1;3;126;RENOIR (AV AUGUSTE);;;;830
200700016929;7;3;21;2024;3;2;1;1;1;126;931, FABREGAS (VIEUX CHE;;;;830
200700016938;7;3;3;1015;1;2;6;1;3;90;LAGOUBRAN (CHEMIN DE);;;;830
200700016941;7;3;14;800;1;2;1;1;3;137;0, THIERRY (AVE AUGUSTIN;;;;830
200700016957;7;3;23;815;1;2;1;1;3;137;17/38, PICOT (AVE DU COL;;;;830
200700016959;7;3;12;1720;1;2;6;1;3;137;PONT DE BOIS (CHEMIN DU);;;;830
200700016974;7;3;17;1850;1;2;9;1;3;7;137, SAINT RUF (Avenue);;;;840
200700017012;7;3;15;715;1;2;1;1;6;194;., PARIS (AVENUE DE);;;;860
200700017129;7;3;24;1225;1;2;1;2;2;421;0, REPUBLIQUE (AVENUE DE;;;;910
200700017135;7;3;9;825;1;2;1;1;2;471;CHARTRES (ROUTE DE);;;;910
200700017140;7;3;23;2030;2;2;1;2;3;570;1, SAINTE GENEVIEVE (RUE;;;;910
200700017152;7;3;5;1735;1;2;1;1;6;4;41, ROBERT DUPONT;;;;920
200700017153;7;3;7;940;1;2;1;1;3;4;159, AULAGNIER ( QUAI );;;;920
200700017172;7;3;18;1320;1;2;3;1;3;12;87, SILLY (RUE DE) 1/87;;;;920
200700017174;7;3;21;2105;5;2;1;1;6;12;82, THIERS (RUE) 2/82 BI;;;;920
200700017194;7;3;1;620;5;2;2;3;3;24;8, CLICHY (QUAI DE) DE (;;;;920
200700017233;7;3;10;1405;1;2;5;1;3;35;39, Général de Gaulle  (;;;;920
200700017236;7;3;19;1420;1;2;1;1;3;35;35 ter, National ( boule;;;;920
200700017237;7;3;28;1440;1;2;3;1;3;35;7, Verdun 1916 ( avenue;;;;920
200700017252;7;3;18;1045;1;2;7;2;3;40;PAUL-VAILLANT COUTURIER;;;;920
200700017254;7;3;28;1810;1;2;9;1;3;40;205, JEAN JACQUES ROUSSE;;;;920
200700017290;7;3;2;2035;5;2;3;2;3;51;GENERAL KOENIG (BOULEVAR;;;;920
200700017291;7;3;5;855;1;2;1;1;2;51;52, ROULE (AVENUE DU, N°;;;;920