Num_Acc;an;mois;jour;hrmn;lum;agg;int;atm;col;com;adr;gps;lat;long;dep
200700017300;7;3;18;1910;5;2;1;1;3;51;35, ARGENSON (BOULEVARD,;;;;920
200700017335;7;3;17;1755;1;2;6;1;3;75;-, JEAN JAURES (AVENUE);;;;920
200700017362;7;3;5;1335;1;2;2;1;3;5;12, JEAN JACQUES ROUSSEA;;;;930
200700017370;7;3;22;1620;1;2;2;1;3;5;PAUL LANGEVIN (AVENUE);;;;930
200700017382;7;3;1;1443;1;2;1;1;7;8;VAILLANT COUTURIER (AVEN;;;;930
200700017400;7;3;16;1545;1;2;1;1;3;29;10, HAUTE BORNE (DE LA);;;;930
200700017466;7;3;30;1100;1;2;1;2;3;51;14, REPUBLIQUE;;;;930
200700017484;7;3;2;1205;1;2;1;1;3;62;15, RESISTANCE (AVENUE D;;;;930
200700017498;7;3;22;2010;5;1;1;1;3;64;00, BLUM (RUE LEON);;;;930
200700017503;7;3;29;1800;1;2;1;1;3;64;MAUNOURY (RUE DU MARECHA;;;;930
200700017537;7;3;10;1110;1;2;3;1;1;71;GABRIEL PERI (RUE);;;;930
200700017570;7;3;8;1815;1;2;1;1;3;17;55, PIERRE MARIE DERRIEN;;;;940
200700017576;7;3;17;1035;1;2;2;1;3;18;GRAVELLE (AV DE);;;;940
200700017582;7;3;21;750;2;2;3;1;3;55;00, WLADIMIR D ORMESSON;;;;940
200700017583;7;3;23;605;5;2;1;1;7;79;25, COEUILLY (R DE);;;;940
200700017644;7;3;20;1640;1;2;2;2;3;65;AVENUE DE FLANDRE;;;;940
200700017664;7;3;5;750;1;2;1;1;6;46;08, EUGENE RENAULT (R);;;;940
200700017666;7;3;9;1915;5;2;2;1;3;46;166, JEAN JAURES (R);;;;940
200700017687;7;3;31;2145;5;2;2;1;6;68;RABELAIS (BD);;;;940
200700017730;7;3;26;1535;1;2;1;1;6;18;ALLOBROGES (RUE DES);;;;950
200700017740;7;3;14;945;1;2;5;1;3;63;EMILE ZOLA (RUE-GD CERF;;;;950
200700017741;7;3;28;1510;1;2;1;1;6;63;40, VILLENEUVE (RUE);;;;950
200700017743;7;3;22;1615;1;2;1;1;1;572;3, LOUIS DELAGE (RUE);;;;950
200700017747;7;3;19;1320;1;2;1;1;6;555;PICOLO (RUE DU);;;;950
200700017750;7;3;7;1615;1;2;1;1;6;426;96, PARIS (ROUTE DE);;;;950
200700017761;7;3;7;1430;1;2;1;1;1;306;0, MARNE (RUE DE LA);;;;950
200700017768;7;3;30;1105;1;2;3;1;3;306;0, ETIENNE FOURMONT (RUE;;;;950
200700017778;7;3;28;1710;1;2;1;1;6;607;SPORTS (VOIE DES);;;;950
200700017780;7;3;30;1500;1;2;2;1;2;563;JEAN JAURES (RUE);;;;950
200700018133;7;3;4;1100;1;2;2;1;1;383;RUE JULIEN;;;;690
200700018141;7;3;14;1310;1;2;1;1;1;383;RUE GARIBALDI;;;;690
200700018147;7;3;16;1820;2;2;1;1;3;383;17, RUE DOCTEUR BOUCHUT;;;;690
200700018149;7;3;31;1400;1;2;1;1;3;383;5, RUE RABELAIS;;;;690
200700018184;7;3;8;1045;1;2;1;1;3;385;QUAI ROMAIN ROLLAND;;;;690
200700018201;7;3;13;1830;2;2;2;1;6;387;RUE ELIE ROCHETTE;;;;690
200700018320;7;3;9;1602;1;2;2;1;3;190;RUE DES VIOLETTES;;;;440
200700018326;7;3;14;1805;1;2;1;1;6;143;VENDEE (AV. DE LA);;;;440
200700018334;7;2;10;2245;5;2;1;1;2;573;14 bis, VINGT NEUF AOUT;;;;510
200700018360;7;3;11;1720;1;2;2;1;3;358;MARINE (PLACE);;;;780
200700018383;7;4;17;1500;1;1;1;1;1;221;;M;5030100.0;351700.0;590
200700018430;7;4;28;1600;1;2;1;1;2;716;rue de Druggy;M;0.0;0.0;800
200700018433;7;4;30;1600;1;2;9;1;3;834;RUE DU 08 MAI;M;0.0;0.0;800
200700018444;7;4;13;1330;1;2;4;1;1;685;rue des ormeaux;M;4969800.0;279100.0;800
200700018513;7;4;15;1200;1;2;1;1;1;338;intersection CD98/CD555;M;0.0;0.0;600
200700018529;7;4;10;1000;1;2;1;5;1;401;672 rue de la libération;M;4948100.0;76500.0;760
200700018561;7;4;13;1900;1;1;1;1;2;117;;M;4899800.0;52400.0;270
200700018572;7;4;9;1330;1;2;9;1;1;150;boulevard des sablons;M;4910000.0;138000.0;270
200700018585;7;4;18;1630;1;1;2;1;3;290;;M;4808000.0;-210600.0;350
200700018597;7;4;21;1930;1;2;1;1;3;337;SQUARE TOSTIVINT;M;0.0;0.0;350
200700018640;7;4;23;1930;1;2;1;1;3;102;Rue du Park Menez;M;4823100.0;-373300.0;290
200700018647;7;4;22;1045;1;1;1;1;3;8;;M;4760000.0;-289000.0;560
200700018663;7;4;21;1500;1;2;1;1;3;222;RUE DE RENNES;M;4784900.0;-271400.0;560
200700018673;7;4;23;730;1;1;1;7;2;738;;M;0.0;0.0;140
200700018706;7;4;21;1130;1;2;3;1;1;280;Les rouges terres;M;4914800.0;-126100.0;500
200700018724;7;4;4;1815;1;2;1;1;3;615;Bd Division Leclerc;M;0.0;0.0;500
200700018740;7;4;19;1715;1;1;1;1;2;486;;M;4878100.0;-76900.0;610
200700018747;7;4;26;830;1;2;1;2;2;172;cd723 pk 46500;M;0.0;0.0;440
200700018754;7;4;17;1100;1;1;1;1;2;110;;M;4743000.0;-148300.0;440
200700018772;7;4;7;1445;1;2;1;1;3;20;Rue de la Picoterie;M;4747900.0;-63300.0;490
200700018832;7;4;17;945;1;1;1;1;1;19;;M;0.0;0.0;850
200700018843;7;4;22;1045;1;1;1;1;3;236;Lieu dit Le Pierrou;M;4663000.0;-168000.0;850
200700018845;7;4;18;2245;5;2;1;1;7;222;rue Louis Cristau;M;0.0;0.0;850
200700018856;7;4;14;1745;1;1;1;1;1;67;;M;4504400.0;-54900.0;330
200700018874;7;4;10;1415;1;1;1;1;5;394;;M;4491200.0;-17700.0;330
200700018877;7;4;16;915;1;1;4;1;1;393;;M;4497800.0;-19900.0;330
200700018878;7;4;3;1345;1;2;1;1;1;402;rue Jean Jacques ROUSSEA;M;0.0;0.0;330
200700018958;7;4;22;1615;1;1;1;1;1;347;;M;0.0;0.0;160
200700018975;7;4;11;1700;1;1;1;1;3;51;;M;0.0;0.0;170
200700018987;7;4;23;1900;1;1;1;1;3;337;;M;4598100.0;-136900.0;170
200700019000;7;4;12;1330;1;1;1;1;3;228;;M;0.0;0.0;170
200700019045;7;4;20;1400;1;2;3;1;3;107;route de lafitte;M;4330100.0;120200.0;310
200700019085;7;4;9;1530;1;1;1;1;1;75;;M;0.0;0.0;460
200700019104;7;4;24;730;1;1;6;1;2;126;;M;4416900.0;155200.0;820
200700019125;7;4;18;1530;1;2;6;1;2;94;;M;4574500.0;469400.0;690
200700019129;7;4;11;1755;1;2;6;1;3;228;La Madeleine RD 488;M;0.0;0.0;690
200700019135;7;4;2;1345;1;2;6;1;2;19;RCD 69;M;4611000.0;475000.0;690
200700019138;7;4;7;1400;1;2;1;1;6;243;60 rue radisson;M;0.0;0.0;690
200700019150;7;4;25;1815;1;1;1;1;1;345;;M;4595300.0;532100.0;10
200700019152;7;4;26;1100;1;2;1;1;2;265;Rue du Jura;M;0.0;0.0;10
200700019175;7;4;20;1645;1;1;1;1;1;295;;M;4482100.0;457000.0;70
200700019176;7;4;10;1830;1;1;1;1;1;319;;M;4457400.0;469300.0;70
200700019179;7;4;18;1630;1;2;1;1;3;319;15 avenue henri barbusse;M;0.0;0.0;70
200700019189;7;4;18;1545;1;1;1;1;3;338;;M;4491400.0;465300.0;70
200700019195;7;4;6;1700;1;1;1;1;6;64;;M;0.0;0.0;260
200700019200;7;4;6;1515;1;2;3;1;1;37;route de chabeuil;M;4487000.0;496000.0;260
200700019208;7;4;28;1645;1;1;1;1;2;347;;M;0.0;0.0;260
200700019218;7;4;7;1415;1;1;1;1;3;565;;M;0.0;0.0;380
200700019221;7;4;20;730;1;2;1;1;3;269;Boulevard Docteur RICARD;M;0.0;0.0;380
200700019233;7;4;28;930;1;1;1;1;1;345;;M;0.0;0.0;380
200700019249;7;4;30;1215;1;2;6;1;3;201;Rond point de l'Europe;M;0.0;0.0;440
200700019251;7;4;15;1730;1;2;1;1;1;87;chemin des barbières;M;4558700.0;480300.0;380
200700019267;7;4;26;1730;1;1;4;1;3;121;"Lieu dit ""La Rochette""";M;4560400.0;395800.0;420
200700019275;7;4;28;1715;1;1;1;1;3;296;;M;4573800.0;428900.0;420
200700019278;7;4;6;1100;1;2;1;1;6;149;rue de plancieux;M;4565200.0;422900.0;420
200700019279;7;4;25;930;1;1;1;1;3;149;;M;4562700.0;425000.0;420
200700019340;7;4;25;1430;1;2;1;7;3;457;BOULEVARD BARGOIN;M;4564700.0;325200.0;630
200700019342;7;4;30;1945;1;2;2;1;3;3;PARKING HLM VILLENEUVE;M;0.0;0.0;630
200700019355;7;4;30;1700;1;2;1;1;1;195;rue St Martin;M;0.0;0.0;630
200700019377;7;4;1;1130;1;2;1;1;3;267;Avenue Claude Bernard;M;4518800.0;391000.0;430
200700019419;7;4;13;1830;1;2;3;1;3;232;22 RUE DE DIEUZE;M;4896500.0;679800.0;570
200700019420;7;4;11;1615;1;2;1;1;1;428;Rue du chemin de fer;M;4909900.0;677700.0;570
200700019432;7;4;21;1930;1;2;1;1;3;186;10 rue du Chene;M;0.0;0.0;540
200700019455;7;4;21;930;1;1;1;1;1;237;;M;0.0;0.0;880
200700019491;7;4;3;1245;1;2;6;1;1;520;Rue d'Hohengoeft;M;4864900.0;745200.0;670
200700019507;7;4;9;1145;1;1;1;1;1;544;;M;4903600.0;795700.0;670
200700019522;7;4;26;945;1;1;3;1;3;26;;M;0.0;0.0;680
200700019523;7;4;26;1715;1;2;2;1;1;269;rue des jonquilles;M;4813000.0;729000.0;680
200700019528;7;4;17;1745;1;1;1;7;1;365;;M;4806500.0;729100.0;680
200700019529;7;4;17;1500;1;1;1;1;3;374;;M;4808000.0;727700.0;680
200700019530;7;4;28;1200;1;1;1;1;1;350;;M;0.0;0.0;680
200700019537;7;4;6;1515;1;1;1;1;2;251;;M;4800000.0;722100.0;680
200700019566;7;4;8;2000;1;1;1;7;2;225;;M;4920000.0;397600.0;510
200700019568;7;4;13;1715;1;2;1;1;1;649;Fbg Vitry le Brulée;M;4873300.0;459200.0;510
200700019581;7;4;19;1145;1;2;1;1;1;67;57, route nationale;M;0.0;0.0;80
200700019592;7;4;14;1030;1;2;2;1;3;51;Rue de Souligny;M;4820300.0;399600.0;100
200700019613;7;4;27;1315;1;2;4;1;1;544;place de la mairie;M;0.0;0.0;520
200700019658;7;4;27;1330;1;1;1;1;2;56;;M;0.0;0.0;710
200700019662;7;4;13;1700;1;1;1;1;4;337;;M;4774700.0;363900.0;890
200700019698;7;4;11;1745;1;2;3;1;1;254;;M;4684200.0;639800.0;250
200700019702;7;4;13;1430;1;1;3;1;1;9;;M;0.0;0.0;390
200700019711;7;4;29;1430;1;1;1;2;1;478;;M;0.0;0.0;390
200700019716;7;4;19;1600;1;2;1;1;1;267;rue de MERCEY;M;4780000.0;593000.0;700
200700019725;7;4;18;1845;1;1;1;7;3;68;;M;4760000.0;688000.0;900
200700019815;7;4;23;1430;1;2;1;1;3;42;CD 14 L' AMIRAUTE;M;0.0;0.0;830
200700019817;7;4;28;1045;1;1;1;1;2;94;;M;0.0;0.0;830
200700019832;7;4;22;545;2;1;1;1;1;112;;M;0.0;0.0;830
200700019839;7;4;30;1600;1;1;1;1;3;38;Chemin St François;M;0.0;0.0;840
200700019846;7;4;17;1915;1;2;1;1;3;88;avenue Croix Couverte;M;4400900.0;505700.0;840
200700019851;7;4;8;1200;1;2;2;1;3;327;Intersection RD610/RD65;M;0.0;0.0;340
200700019877;7;4;25;815;1;2;2;1;3;315;CARREFOUR CD 11 - CD 206;M;4328000.0;258000.0;110
200700019908;7;4;2;1615;1;2;1;1;2;202;chemin des Sources;M;0.0;0.0;300
200700019936;7;4;3;1330;1;1;1;1;2;66;;M;0.0;0.0;660
200700019942;7;4;4;1615;1;1;6;1;3;85;;M;0.0;0.0;201
200700019945;7;4;7;1150;1;1;1;1;1;288;Route de LEVIE;M;0.0;0.0;201
200700020003;7;4;9;1515;1;2;1;1;7;331;12 bis rue de la charriè;M;4898500.0;322000.0;770
200700020006;7;4;15;1200;1;1;9;1;1;339;;M;0.0;0.0;770
200700020044;7;4;24;1145;1;1;1;7;2;137;;M;0.0;0.0;180
200700020057;7;4;12;645;2;1;1;1;2;88;;M;4806800.0;134300.0;280
200700020079;7;4;8;1030;1;1;1;1;3;164;;M;0.0;0.0;360
200700020084;7;4;11;1650;1;2;1;1;1;88;49 avenue de Bel air;M;0.0;0.0;360
200700020093;7;4;3;1945;1;2;1;1;1;38;7 rue des déportés;M;4729800.0;35600.0;370
200700020107;7;4;8;1745;1;1;1;1;7;203;;M;4522900.0;-109400.0;330
200700020116;7;4;19;1930;1;1;1;1;2;19;;M;0.0;0.0;870
200700020117;7;4;15;1900;1;1;1;1;2;527;;M;0.0;0.0;670
200700020120;7;4;24;1815;1;2;1;1;1;540;Rue de Sully;M;0.0;0.0;210
200700020138;7;4;29;1030;1;2;6;1;2;189;TOULL AR RANNIG;M;4837700.0;-436800.0;290
200700020169;7;4;12;1315;1;2;1;1;1;278;rue Schweitzer;M;0.0;0.0;680
200700020200;7;4;20;1815;1;2;1;1;1;81;Montée des Roches;M;4578500.0;479000.0;690
200700020239;7;4;28;1615;1;2;1;1;2;122;FACE 31 AVENUE DE VERDUN;M;0.0;0.0;330
200700020253;7;4;5;945;1;1;1;1;1;571;;M;4920700.0;423400.0;510
200700020331;7;4;17;1700;1;1;3;1;5;547;;M;0.0;0.0;310
200700020345;7;4;7;345;3;1;1;1;6;258;;M;0.0;0.0;250
200700020356;7;4;8;1830;1;1;1;1;2;77;Chemin Départemental 65;M;4365800.0;387900.0;340
200700020361;7;4;3;1040;1;2;1;1;3;53;DUNANT ( RUE HENRI);;;;10
200700020365;7;4;16;1825;1;2;3;1;3;53;SANS, DE GAULLE ( BD GAL;;;;10
200700020387;7;4;3;1408;1;2;1;2;7;190;12, INDY (COURS VINCENT;;;;30
200700020412;7;4;24;1133;1;2;3;1;3;4;JUIN AV.MARECHAL;;;;60
200700020415;7;4;4;1320;1;2;1;1;6;123;84, LECLERC GENERAL AVEN;;;;60
200700020438;7;4;27;1615;1;2;1;1;5;123;BORD DE MER RN 98;;;;60
200700020517;7;4;5;2000;2;2;1;1;3;88;151, MADELEINE (BD DE LA;;;;60
200700020600;7;4;27;920;1;2;1;1;3;88;0, ANGLAIS (DU N° 265 AU;;;;60
200700020602;7;4;27;1320;1;2;1;1;6;88;410, RISSO (BD);;;;60
200700020611;7;4;29;1200;1;2;2;1;3;88;0, SAUSSURE (R. DE);;;;60
200700020617;7;4;30;1410;1;2;1;1;2;88;6, SORGENTINO (R.);;;;60
200700020620;7;4;26;1800;1;2;3;1;3;105;WARCQ;;;;80
200700020627;7;4;10;900;1;2;1;1;6;387;0, GOURNAY (RUE DE);;;;100
200700020636;7;4;28;1200;1;2;1;1;3;262;TOULOUSE (AVENUE DE);;;;110
200700020652;7;4;27;1621;1;1;1;1;2;1;23, ANCIENNE ROUTE DES A;;;;130
200700020673;7;4;15;1030;1;2;1;1;3;5;CD 2 (CAMP MAJOR);;;;130
200700020681;7;4;20;1625;1;1;1;1;6;98;D.51;;;;130
200700020798;7;4;22;1825;1;2;1;1;6;55;MARÉCHAL DE LATTRE (AVEN;;;;130
200700020836;7;4;25;850;1;2;6;1;3;55;JEAN MONDET (ROND POINT;;;;130
200700020897;7;4;30;1355;1;2;2;1;3;55;LODI (RUE DE);;;;130
200700021006;7;4;18;655;2;2;1;5;6;154;457, VARS (ROUTE DE);;;;160
200700021017;7;4;8;1550;1;2;1;1;7;299;172990223, LIBERATION AV;;;;170
200700021023;7;4;23;1438;1;2;2;1;3;299;172990121, DE GAULLE AVE;;;;170
200700021037;7;4;11;1515;1;2;1;1;1;291;14, TREUIL GRAS  RUE DU;;;;170
200700021048;7;4;20;2250;3;2;1;1;3;300;43, ONZE NOVEMBRE 1918;;;;170
200700021051;7;4;24;1450;1;2;1;1;7;274;CHAGNOLET   RUE DE;;;;170
200700021052;7;4;25;1500;1;2;1;1;3;28;SALENGRO   AVENUE ROGER;;;;170
200700021090;7;4;3;1900;1;2;1;1;6;279;1 BIS, ETANG (QUAI DE L';;;;180
200700021138;7;4;18;816;1;2;1;1;2;278;2, PETITE FIN (DE LA) (R;;;;210
200700021168;7;4;12;1229;1;2;3;1;6;138;00, MOULIN (BOULEVARD JE;;;;240
200700021176;7;4;22;1222;1;2;1;1;3;53;MITTERAND (AVENUE FRANCO;;;;240
200700021178;7;4;25;844;1;2;1;1;6;322;105, PETIT CHANGE (BOULE;;;;240
200700021191;7;4;10;740;1;2;1;1;3;56;VESOUL RUE DE < 52;;;;250
200700021196;7;4;15;1940;1;2;1;1;7;56;REPUBLIQUE RUE DE LA;;;;250
200700021203;7;4;23;1800;1;2;1;1;2;56;CAUSSES RUE DES;;;;250
200700021205;7;4;24;1515;1;2;1;1;3;56;CLERC RUE FRANCIS > 29;;;;250
200700021220;7;4;30;925;1;2;1;1;6;281;ABBAT SIMONE (RUE);;;;260
200700021223;7;4;24;1305;1;2;1;1;6;252;sans n, PORT AVENUE DU;;;;260
200700021307;7;4;2;1753;1;2;3;1;3;189;., MARECHAL JUIN (BOULEV;;;;300
200700021314;7;4;8;1139;1;2;1;1;1;189;., SULLY (RUE);;;;300
200700021348;7;4;25;1700;1;2;1;1;3;69;15, BELISAIRE (CH DE);;;;310
200700021388;7;4;11;835;1;2;1;1;3;555;15, ALL FORAIN FRANCOIS;;;;310
200700021393;7;4;12;1530;1;2;1;1;2;555;12, RUE DE LA REPUBLIQUE;;;;310
200700021394;7;4;12;1550;1;2;1;2;3;555;999, BD DEODAT DE SEVERA;;;;310
200700021400;7;4;14;320;1;2;1;1;3;555;999, RUE DE METZ;;;;310
200700021410;7;4;11;2015;2;2;1;1;6;555;3, CHE DE LESTANG;;;;310
200700021418;7;4;19;1534;1;2;1;1;3;555;54, BD DEODAT DE SEVERAC;;;;310
200700021419;7;4;19;1850;1;2;1;1;5;555;14, RUE DE LA REPUBLIQUE;;;;310
200700021422;7;4;20;1930;1;2;1;1;3;555;40, BD DES MINIMES;;;;310
200700021425;7;4;23;1350;1;2;1;2;6;555;20, GRANDE RUE SAINT MIC;;;;310
200700021434;7;4;25;1645;1;2;1;1;6;555;26, RUE DES FRERES LION;;;;310
200700021452;7;4;25;845;1;2;3;1;3;557;0, AURIOL (BD VINCENT);;;;310
200700021453;7;4;26;1430;1;2;6;1;2;557;RAMELET MOUNDI (CH DE);;;;310
200700021463;7;4;18;1555;1;1;9;1;3;529;RN 250 (OUSTALET - BONNE;;;;330
200700021475;7;4;1;2000;1;2;2;1;3;522;CRS GAMBETTA;;;;330
200700021478;7;4;8;515;5;2;3;1;3;63;BD DES FRERES MOGA;;;;330
200700021483;7;4;10;1500;1;2;1;1;2;63;37, PCE MARTYRS DE LA RE;;;;330
200700021492;7;4;4;1835;1;2;9;2;3;522;AVE DES FACULTES;;;;330
200700021494;7;4;6;835;1;2;2;1;3;69;RUE RAYMOND POINCARE;;;;330
200700021515;7;4;16;1150;1;2;1;1;3;522;541, CRS DE LA LIBERATIO;;;;330
200700021524;7;4;23;1130;1;2;1;1;3;63;75, AVE SAINT AMAND CAUD;;;;330
200700021532;7;4;19;1100;1;2;3;1;5;522;CRS DE LA LIBERATION;;;;330
200700021533;7;4;19;850;1;2;2;1;3;522;RUE CHARLES GOUNOD;;;;330
200700021558;7;4;27;1210;1;2;1;1;3;522;58, CRS MARECHAL GALLIEN;;;;330
200700021565;7;4;30;1010;1;2;1;1;7;3;MITTERRAND (K19 A O24;;;;340
200700021602;7;4;10;950;1;2;1;8;2;172;LIBERTE (AVENUE DE LA;;;;340
200700021627;7;4;23;2008;1;2;1;1;7;172;264, CAMBRIDGE (RUE DE);M;4361078.0;387620.0;340
200700021655;7;4;15;1220;1;2;3;1;5;238;00, GRIMAULT (BD LEON);;;;350
200700021656;7;4;15;1735;1;2;6;1;3;238;00, GRIMAULT (BD LEON);;;;350
200700021659;7;4;17;940;1;2;4;1;6;238;00, GENIAUX (CHARLES);;;;350
200700021667;7;4;20;1510;1;2;1;1;6;238;155, FOUGERES (RUE DE) D;;;;350
200700021668;7;4;21;200;3;2;6;1;6;238;00, SAINT-BRIEUC (DE);;;;350
200700021675;7;4;24;1850;1;2;2;1;3;238;00, VERN (DE);;;;350
200700021679;7;4;26;1815;1;2;1;1;6;238;8, NEMOURS ( DE);;;;350
200700021682;7;4;28;1530;1;2;1;1;2;189;00, ROBIQUETTE ( BOULEVA;;;;350
200700021716;7;4;21;1025;1;2;6;1;3;261;ROUBAIX (ROND-POINT DE);;;;370
200700021725;7;4;6;1700;1;2;2;1;3;421;00, PERI (AVENUE G.);;;;380
200700021739;7;4;21;1030;1;2;1;1;3;185;., MARECHAL FOCH (BOULEV;;;;380
200700021741;7;4;23;900;1;1;3;1;3;421;., SEPTEMBER (BOULEVARD;;;;380
200700021751;7;4;21;1740;1;2;1;1;3;563;13, CRIEL (RUE DE);;;;380
200700021759;7;4;22;825;1;2;1;1;2;281;POMMIÈS (AV DU CORPS FRA;;;;400
200700021762;7;4;2;1635;1;2;1;1;3;212;90, NATIONALE (ROUTE);;;;410
200700021772;7;4;19;1555;1;2;1;1;5;194;VILLEFRANCHE (AVENUE DE);;;;410
200700021782;7;4;25;940;1;2;1;1;3;95;1, NOYERS (RUE DES);;;;420
200700021823;7;4;21;1622;1;1;1;1;6;223;Route Départementale N°8;;;;420
200700021826;7;4;21;1801;1;2;1;1;6;218;HOTEL DE VILLE (PLACE);;;;420
200700021842;7;4;1;1600;1;2;1;2;6;132;ST NAZAIRE (BOULEVARD DE;;;;440
200700021847;7;4;27;1052;1;2;1;1;6;135;BOUGOUIN ( RUE FRANÇOIS;;;;440
200700021860;7;4;11;1035;1;2;2;1;6;190;RUE DU DOUET;;;;440
200700021861;7;4;14;1815;1;2;1;1;2;109;., RUE DE L'HOTEL DE VIL;;;;440
200700021865;7;4;18;1940;1;2;2;1;6;109;RUE DU CORPS DE GARDE;;;;440
200700021877;7;4;24;1110;1;2;6;1;6;109;Néant, BOULEVARD ALBERT;;;;440
200700021883;7;4;26;820;1;2;3;1;6;109;RUE DES HERSES;;;;440
200700021889;7;4;30;1800;1;2;2;1;3;109;BOULEVARD JULES VERNE;;;;440
200700021891;7;4;30;1735;1;2;1;2;6;190;RUE DES COUCOUS;;;;440
200700021894;7;4;3;1655;1;2;2;1;2;184;2, GÂTÉ (RUE DU CDT) DU;;;;440
200700021905;7;4;29;1920;1;2;2;1;3;208;DECOURT (RUE EMILE);;;;450
200700021910;7;4;10;2005;1;2;1;1;3;234;PARIS (AVENUE DE);;;;450
200700021920;7;4;16;1825;4;2;1;1;5;234;JOFFRE (PONT);M;4789773.0;345699.0;450
200700021929;7;4;24;1300;1;2;1;1;3;147;FOSSES (RUE DES FOSSES);;;;450
200700021941;7;4;20;2015;1;2;1;1;3;1;DE GAULLE (AV. DU GENERA;;;;470
200700021953;7;4;6;1511;1;2;1;1;7;246;0, PASTEUR;;;;490
200700021954;7;4;7;1823;1;2;1;1;7;7;31, BLANCHERAIE AVENUE;;;;490
200700021958;7;4;15;1545;1;2;1;1;7;7;0, VIGNE PLACE ET RUE;;;;490
200700021963;7;4;17;2018;1;2;1;1;7;7;0, CHURCHILL AVENUE ET S;;;;490
200700021971;7;4;23;838;1;2;3;1;3;7;0, PASQUIER;;;;490
200700021990;7;4;12;1515;1;2;1;1;7;129;00, GAMBETTA (RUE);;;;500
200700021996;7;4;21;2115;2;2;2;1;2;129;00, SALENGRO (RUE ROGER);;;;500
200700022023;7;4;13;1050;1;2;1;1;6;454;WILSON (BOULEVARD DU PRE;;;;510
200700022024;7;4;14;1625;1;2;1;1;5;454;HUET (RUE ANDRE);;;;510
200700022039;7;4;29;1426;1;2;1;1;7;130;38, JUGAN ( RUE JEANNE );;;;530
200700022050;7;4;4;1008;1;2;3;1;3;439;1, TENDON (RUE DU);;;;540
200700022072;7;4;20;800;1;2;1;1;3;395;08, BONSECOURS (RUE DE);;;;540
200700022074;7;4;20;1700;1;1;1;1;5;25;RD 126;;;;540
200700022076;7;4;21;800;1;2;1;1;3;395;1, MAZAGRAN (RUE);;;;540
200700022085;7;4;19;830;1;2;1;1;2;482;WASHINGTON (RUE);;;;540
200700022119;7;4;23;1715;1;2;1;1;3;121;., NORMANDIE ( BD ET IMP;;;;560
200700022128;7;4;14;1040;1;2;1;1;6;260;83, VERDUN(AVENUE DE);;;;560
200700022138;7;4;24;1205;1;2;1;1;3;260;04, DEGAS(AVENUE EDGAR);;;;560
200700022142;7;4;30;1642;1;2;3;2;3;260;., LUSCANEN(GIRATOIRE DE;;;;560
200700022148;7;4;25;1345;1;2;1;1;6;253;44 BIS, JAURES (RUE JEAN;;;;570
200700022158;7;4;20;1210;1;2;3;1;6;447;00, CHEMIN DE FER (RUE D;;;;570
200700022181;7;4;18;1120;1;2;3;1;3;672;0, MALGRANGE (CHEMIN DE;;;;570
200700022182;7;4;17;1800;1;2;3;1;3;672;16, VERDUN (RUE DE);;;;570
200700022191;7;4;26;1624;1;2;1;1;6;221;112, GRAND'RUE;;;;570
200700022223;7;4;15;1930;1;2;1;1;6;2;., GUESDE (R. JULES);;;;590
200700022230;7;4;12;915;1;2;1;1;6;509;JAURES (RUE JEAN);;;;590
200700022234;7;4;3;1135;1;2;1;1;3;183;1, RN1;;;;590
200700022243;7;4;1;1800;1;2;5;1;3;507;LAVOISIER RUE;;;;590
200700022245;7;4;2;1750;1;2;1;1;6;350;NATIONALE RUE N°RESTE PA;;;;590
200700022252;7;4;6;1630;1;2;2;1;3;350;SOLFERINO RUE N°208AFIN-;;;;590
200700022256;7;4;10;1120;1;2;1;1;3;350;18, MARQUILLIES RUE;;;;590