Num_Acc;an;mois;jour;hrmn;lum;agg;int;atm;col;com;adr;gps;lat;long;dep
200700022270;7;4;13;1245;1;2;3;1;6;360;00, DUPONT GEORGES AVENU;;;;590
200700022273;7;4;16;2000;5;2;9;9;6;410;SARTS PARC DES;;;;590
200700022275;7;4;19;1735;1;2;2;1;3;9;PONT RUE DU PETIT;;;;590
200700022280;7;4;22;1050;1;2;3;1;3;378;CHARCOT RUE DU DOCTEUR N;;;;590
200700022282;7;4;24;845;1;2;1;1;3;527;195, CARNOT SADI RUE;;;;590
200700022307;7;4;6;1645;1;2;1;1;1;650;DIX NEUF MARS 1962 (RUE;;;;590
200700022311;7;4;22;1205;1;2;3;1;3;512;PEUPLE BELGE (AVENUE DU);;;;590
200700022314;7;4;29;1620;1;2;1;1;6;650;BEAULIEU (RUE DE);;;;590
200700022325;7;4;16;1820;1;2;9;1;6;414;6, ACACIAS(HAMEAU);;;;590
200700022332;7;4;14;1815;1;2;1;1;6;599;74, MOUVAUX (RUE DE);;;;590
200700022344;7;4;14;1710;1;2;3;1;3;447;JAURES (RUE JEAN);;;;590
200700022372;7;4;5;745;1;2;1;1;6;41;61, TEMPLE;;;;620
200700022376;7;4;30;1205;1;2;3;1;3;41;0, MONTGOLFIER;;;;620
200700022377;7;4;13;2140;5;2;1;1;2;188;07, CAVIN (DU);;;;620
200700022392;7;4;16;1935;1;2;1;1;6;119;PRE DES SOEURS ( RUE DU;;;;620
200700022413;7;4;19;800;1;2;1;1;6;427;558, BARBUSSE (R HENRI);;;;620
200700022416;7;4;18;1845;1;2;1;1;6;523;15, LENS (R DE);;;;620
200700022454;7;4;23;1150;1;2;1;1;6;113;COTE BLATIN (BD);;;;630
200700022463;7;4;27;740;1;2;2;1;2;113;1, GRAVIERE (RUE DE LA);;;;630
200700022494;7;4;10;1755;1;2;1;1;6;284;BOURDIEU DU;;;;640
200700022499;7;4;15;1220;1;2;6;1;3;445;VICTOR SCHOELCHER;;;;640
200700022500;7;4;18;1500;1;2;3;1;3;445;GENERAL DE GAULLE DU;;;;640
200700022504;7;4;19;1700;1;2;1;1;3;445;1, RAUSKY;;;;640
200700022512;7;4;30;1440;1;2;3;1;3;129;33, BELLEVUE;;;;640
200700022525;7;4;29;1845;1;1;1;1;2;483;RN10;;;;640
200700022547;7;4;19;1840;1;2;1;1;2;440;76, LASSALLE (RUE GEORGE;;;;650
200700022549;7;4;22;910;1;2;6;1;2;417;115, MITTERRAND (AVENUE;;;;650
200700022561;7;4;15;1502;1;2;1;1;3;462;5, GAMBETTA (PLACE);;;;670
200700022564;7;4;3;2110;5;2;2;1;6;482;OBERHAUSBERGEN (ROUTE D;;;;670
200700022568;7;4;6;1049;1;2;2;1;3;482;KOENIGSHOFFEN (RUE DE);;;;670
200700022575;7;4;9;1500;1;2;3;1;3;482;00, PLAINE DES BOUCHERS;;;;670
200700022577;7;4;10;1525;1;2;2;1;3;482;0, CARPE HAUTE (RUE DE L;;;;670
200700022580;7;4;11;1910;1;2;1;1;6;482;0, VENDENHEIM (RUE DE);;;;670
200700022581;7;4;13;845;1;2;9;1;3;482;0, DOUBS (RUE DU);;;;670
200700022582;7;4;13;926;1;2;3;1;3;482;0, LONDRES (RUE DE);;;;670
200700022585;7;4;15;1830;1;2;2;1;1;482;00, VICTOIRE (BOULEVARD;;;;670
200700022588;7;4;17;845;1;2;1;1;6;482;7, BONNES GENS (RUE DES);;;;670
200700022597;7;4;20;925;1;2;3;7;3;482;00, WACKEN (CHEMIN DU);;;;670
200700022599;7;4;20;2305;5;2;2;1;3;482;0, MOLSHEIM (RUE DE);;;;670
200700022601;7;4;22;1405;1;2;1;1;6;482;4, CLAIRVIVRE (RUE DE);;;;670
200700022604;7;4;24;1715;1;2;1;1;3;43;74, BISCHWILLER (ROUTE D;;;;670
200700022605;7;4;24;1720;1;2;1;1;6;482;163, GANZAU (RUE DE LA);;;;670
200700022613;7;4;27;1840;1;2;2;1;2;482;00, CLEMENCEAU (BOULEVAR;;;;670
200700022614;7;4;28;1930;1;2;2;1;1;482;LYON (BOULEVARD DE);;;;670
200700022621;7;4;11;1520;1;2;2;1;3;66;INGERSHEIM (ROUTE D');;;;680
200700022622;7;4;12;745;1;2;2;1;3;66;13, ST JOSEPH (PLACE);;;;680
200700022623;7;4;13;1650;1;2;1;1;3;66;30, LIBERTE (AVENUE DE L;;;;680
200700022624;7;4;10;1122;1;2;1;1;3;66;15, STANISLAS (RUE);;;;680
200700022633;7;4;12;2035;5;2;4;1;2;224;01, METZ (RUE DE);;;;680
200700022661;7;4;12;1700;1;2;1;1;3;259;129, AVENUE FRANCIS DE P;;;;690
200700022678;7;4;17;1400;1;2;2;1;3;266;1, RUE VALENTIN HAUY;;;;690
200700022687;7;4;8;1515;1;2;8;1;6;275;34, AVENUE FRANKLIN ROOS;;;;690
200700022716;7;4;25;1855;1;2;2;1;3;270;Intersection rue Jean Me;;;;710
200700022717;7;4;27;1325;1;2;2;2;3;270;Carf Liberté/Flacé/Hérit;;;;710
200700022725;7;4;6;1215;1;2;3;1;3;181;MESSIAEN OLIVIER (AV) PA;;;;720
200700022743;7;4;20;1730;1;2;1;1;6;181;42, DOUCE AMIE (RUE) IMP;;;;720
200700022748;7;4;23;825;1;2;1;1;6;181;GAUDRE JEAN MICHEL (RUE);;;;720
200700022760;7;4;30;1935;1;2;3;1;6;181;31, REPUBLIQUE (PL) N° 3;;;;720
200700022762;7;4;26;2201;5;2;1;1;1;8;LEPIC BOULEVARD;;;;730
200700022770;7;4;24;1415;1;2;2;1;6;10;., VAUGELAS;;;;740
200700022775;7;4;30;1010;1;2;1;1;6;8;37, GENEVE (RUE DE);;;;740
200700022777;7;4;3;1710;1;2;1;1;3;218;301, HUTTINS (RUE DES);;;;740
200700022791;7;4;2;930;1;2;2;1;3;18;BD DE LA CHAPELLE PL DE;;;;750
200700022794;7;4;2;1230;1;2;3;1;3;16;BD AMIRAL BRUIX PL MAL D;;;;750
200700022796;7;4;3;850;1;2;1;1;3;11;55 BD DE CHARONNE;;;;750
200700022801;7;4;2;1310;1;2;1;1;3;9;44 R DE DUNKERQUE;;;;750
200700022807;7;4;4;1357;1;2;3;1;3;3;R COMMINES BD FILLES CAL;;;;750
200700022825;7;4;3;1142;1;2;1;1;3;18;42 BD BARBES;;;;750
200700022836;7;4;5;1418;1;2;1;1;3;15;170 R DE LA CONVENTION;;;;750
200700022843;7;4;4;1310;1;2;1;1;7;11;54 R MERLIN;;;;750
200700022844;7;4;4;1530;1;2;3;1;6;16;POR DE BOULOGNE ALL REIN;;;;750
200700022848;7;4;5;1925;1;2;1;1;3;8;64 AV HOCHE;;;;750
200700022853;7;4;5;1620;1;2;2;1;3;12;R DE BERCY AV LEDRU ROLL;;;;750
200700022863;7;4;8;1505;1;2;1;1;7;12;L2691 AV DE FONTENAY;;;;750
200700022871;7;4;8;1000;1;2;1;1;3;18;20 R LETORT;;;;750
200700022880;7;4;4;2110;5;2;3;1;3;1;R BAILLEUL R DU LOUVRE;;;;750
200700022895;7;4;6;820;1;2;1;1;7;7;2 AV LA MOTTE PICQUET;;;;750
200700022927;7;4;1;1440;1;2;1;1;6;10;86 BD DE MAGENTA;;;;750
200700022929;7;4;3;915;1;2;3;1;3;10;R FG SAINT DENIS BD DE M;;;;750
200700022936;7;4;6;900;1;2;1;1;3;10;4 R CHATEAU LANDON;;;;750
200700022939;7;4;9;1600;1;2;1;1;6;5;L4597 JAR TINO ROSSI;;;;750
200700022942;7;4;10;1055;1;2;3;1;3;7;R AMELIE R DE GRENELLE;;;;750
200700022964;7;4;6;1515;1;2;1;1;3;12;104 R DE REUILLY;;;;750
200700022976;7;4;12;1615;1;2;2;1;3;2;R QUATRE SEPTEMBRE R DE;;;;750
200700022979;7;4;12;1815;1;2;1;1;3;14;66 AV DU MAINE;;;;750
200700022983;7;4;12;850;1;2;1;1;7;18;76 BD DE CLICHY;;;;750
200700022987;7;4;10;850;1;2;1;1;6;19;124 AV SIMON BOLIVAR;;;;750
200700022992;7;4;11;1230;1;2;3;1;3;19;PL AUGUSTE BARON ECH VIL;;;;750
200700022993;7;4;12;1855;1;2;2;1;3;4;R FERDINAND DUVAL R DU R;;;;750
200700022994;7;4;12;946;1;2;1;1;3;5;24 R FOSS ST BERNARD;;;;750
200700022997;7;4;12;1502;1;2;1;1;6;11;248 R FG SAINT ANTOINE;;;;750
200700023005;7;4;14;1358;1;2;1;1;6;2;96 R MONTORGUEIL;;;;750
200700023007;7;4;14;1100;1;2;2;1;3;13;R DR BOURNEVILLE AV PTE;;;;750
200700023009;7;4;13;1010;1;2;1;1;7;12;120 R DE LYON;;;;750
200700023027;7;4;16;1235;1;2;4;1;6;15;BD GARIBALDI R PERIGNON;;;;750
200700023039;7;4;16;1530;1;2;2;1;6;16;AV EDOUARD VAILLANT AV F;;;;750
200700023046;7;4;17;1040;1;2;1;1;4;16;L 9465 RTE DES TRIBUNES;;;;750
200700023047;7;4;17;910;1;2;1;1;3;18;26 R PAJOL;;;;750
200700023058;7;4;17;1905;1;2;1;1;4;3;36 BD DU TEMPLE;;;;750
200700023077;7;4;18;925;1;2;2;1;3;19;R DE BELLEVILLE AV SIMON;;;;750
200700023079;7;4;18;1750;1;2;1;1;3;19;54 AV CORENTIN CARIOU;;;;750
200700023088;7;4;11;925;1;2;1;1;3;10;16 AV CLAUDE VELLEFAUX;;;;750
200700023092;7;4;16;1745;1;2;1;1;7;10;71 BD DE LA VILLETTE;;;;750
200700023095;7;4;18;1105;1;2;1;1;3;10;72 BD DE MAGENTA;;;;750
200700023126;7;4;22;1555;1;2;1;1;3;7;4 R COGNACQ JAY;;;;750
200700023127;7;4;22;1110;1;2;2;1;3;18;R LEON R MARCADET;;;;750
200700023134;7;4;18;1430;1;2;1;1;3;17;91 R DE ROME;;;;750
200700023135;7;4;20;1410;1;2;1;1;3;4;20 R SAINT ANTOINE;;;;750
200700023145;7;4;22;1750;1;2;2;1;2;5;QU SAINT BERNARD PO SULL;;;;750
200700023155;7;4;23;2000;5;2;2;1;3;16;CHE CEINTURE LAC INF RTE;;;;750
200700023158;7;4;22;1525;1;2;2;1;3;6;BD DU MONTPARNASSE R DE;;;;750
200700023162;7;4;23;2020;5;2;2;8;3;1;PL DU CHATELET PO AU CHA;;;;750
200700023195;7;4;7;1715;1;2;1;1;3;9;20 BD MONTMARTRE;;;;750
200700023198;7;4;23;1925;1;2;1;1;3;19;20 QU DE LA SEINE;;;;750
200700023217;7;4;25;1715;1;2;1;1;3;5;54 R DE MONGE;;;;750
200700023227;7;4;25;1715;1;2;5;1;3;8;R CONSTANTINOPLE PL DE L;;;;750
200700023232;7;4;26;1425;1;2;3;1;6;16;CAR DES TRIBUNES RTE DES;;;;750
200700023241;7;4;25;1305;1;2;1;1;6;16;L14585 RTE SEVRES A NEUI;;;;750
200700023248;7;4;26;1135;1;2;1;1;3;19;14 AV DE FLANDRE;;;;750
200700023272;7;4;27;1845;5;2;1;1;2;5;46 R DES FOSSES SAINT BE;;;;750
200700023275;7;4;27;2055;2;2;1;1;3;16;L1331 CHE CEINTURE LAC I;;;;750
200700023283;7;4;28;1750;1;2;1;1;3;20;56 R DES COURONNES;;;;750
200700023284;7;4;28;1430;1;2;1;1;4;20;38 BD MORTIER;;;;750
200700023297;7;4;30;1835;1;2;2;1;3;1;PL ANDRE MALRAUX AV DE L;;;;750
200700023304;7;4;30;1715;1;2;1;1;3;15;28 BD DE VAUGIRARD;;;;750
200700023327;7;4;29;1720;1;2;2;8;7;12;R ELIE FAURE AV PTE DE V;;;;750
200700023332;7;4;30;900;1;2;1;1;6;10;32 BD DE MAGENTA;;;;750
200700023333;7;4;30;2337;5;2;2;1;3;18;BD DE LA CHAPELLE R PH D;;;;750
200700023334;7;4;22;1700;1;2;1;1;6;12;L 3463 ESP SAINT LOUIS;;;;750
200700023372;7;4;11;1115;1;2;2;1;2;9;BD HAUSSMANN R DU HELDER;;;;750
200700023443;7;4;5;2010;2;2;1;1;3;217;1, CLEMENCEAU (BOULEVARD;;;;760
200700023453;7;4;6;940;1;2;3;1;3;351;1, CASIMIR DELAVIGNE;;;;760
200700023461;7;4;17;1400;1;2;2;1;3;351;0, ALPHONSE MARTIN;;;;760
200700023464;7;4;21;1230;1;2;1;1;1;351;280, FELIX FAURE;;;;760
200700023480;7;4;10;715;2;2;1;1;2;322;LECLERC. AVENUE DU MAREC;;;;760
200700023489;7;4;19;1625;1;2;3;1;3;319;1, FOCH. AVENUE DU MAREC;;;;760
200700023493;7;4;23;1315;1;1;1;1;2;157;CD 982 (RUE DE DUCLAIR);;;;760
200700023499;7;4;9;2000;1;2;1;1;1;108;1, NAST (RUE GUSTAVE);;;;770
200700023502;7;4;2;2205;5;2;3;1;3;18;MARSANGE ( BOULEVARD DE;;;;770
200700023526;7;4;18;1530;1;2;1;1;3;214;212 (CHEMIN DEPARTEMENTA;;;;770
200700023530;7;4;23;1640;1;2;1;1;3;122;EUROPE ( Boulevard de l';;;;770
200700023532;7;4;20;1940;1;2;1;1;3;210;MORIOT CLOVIS (RUE);;;;770
200700023536;7;4;17;1755;1;2;9;1;3;468;GERARD PHILIPE (RUE);;;;770
200700023545;7;4;19;1955;1;2;6;1;3;373;PARIS (RUE DE- RN 4 );;;;770
200700023564;7;4;10;1735;1;2;1;1;3;423;ignoré, QUATRE PAVES DU;;;;780
200700023565;7;4;19;930;1;2;1;1;6;297;., ROND POINT DES SAULES;;;;780
200700023568;7;4;23;925;1;2;1;1;6;297;., MONNET (RUE JEAN);;;;780
200700023588;7;4;23;1750;1;2;1;1;3;490;7, SAINT GERMAIN (AVENUE;;;;780
200700023604;7;4;17;1750;1;2;6;1;3;517;CLAIREFONTAINE (RUE DE);;;;780
200700023628;7;4;21;1940;1;2;1;1;6;640;MORANE-SAULNIER (AVENUE);;;;780
200700023637;7;4;25;1355;1;2;6;1;3;158;Néant, REDINGOTE (CARREF;;;;780
200700023670;7;4;18;1455;1;2;3;1;3;674;0, PASTEUR (RUE);;;;800
200700023684;7;4;28;1550;1;2;1;1;3;4;TEILLET (RTE DE);;;;810
200700023689;7;4;16;1025;1;2;1;1;3;65;40, CASSIN (AV.RENE);;;;810
200700023706;7;4;27;1215;1;2;1;1;3;121;0, FORESTIE (RUE EDOUARD;;;;820
200700023722;7;4;30;1110;1;2;1;1;6;129;332, SOLVIOU (CORNICHE D;;;;830
200700023783;7;4;6;2050;2;2;1;1;6;7;CORPS SAINTS( Place des);;;;840
200700023812;7;4;6;1000;1;2;1;1;6;194;ILE VERTIME (BOULEVARD D;;;;850
200700023814;7;4;30;730;2;2;1;1;6;194;SOUVENIR FRANCAIS (BD DU;;;;850
200700023866;7;4;25;825;1;2;1;1;6;85;30, GALLIENI (RUE);;;;870
200700023868;7;4;25;1324;1;2;3;1;6;85;2, GIFFARD (RUE HENRI);;;;870
200700023869;7;4;26;2122;5;2;1;1;6;65;7, VALIN (AVENUE MARTIAL;;;;870
200700023872;7;4;28;1308;1;2;1;1;6;85;123, RUBEN (AVENUE ERNES;;;;870
200700023877;7;4;5;1630;1;2;1;1;3;209;26, JEAN-JACQUES ROUSSEA;;;;880
200700023878;7;4;25;1025;1;2;2;1;3;209;1, MOSELLE (RUE DE LA);;;;880
200700023880;7;4;24;1400;1;2;1;1;3;160;1, DOGNEVILLE (Q. DE);;;;880
200700023884;7;4;9;1515;1;2;1;1;6;413;96, AVENUE DE ROBACHE;;;;880
200700023891;7;4;2;1655;1;2;3;1;3;387;40, VICTOR GUICHARD (RUE;;;;890
200700023921;7;4;22;1150;1;2;1;1;6;114;CERCAY (RUE DE);;;;910
200700023932;7;4;13;840;1;2;2;1;1;201;COTTAGES;;;;910
200700023943;7;4;8;1410;1;2;1;1;2;228;VALLES (RUE JULES);;;;910
200700023956;7;4;6;1735;1;2;2;1;3;691;00, PASTEUR(RUE);;;;910
200700023993;7;4;23;905;1;2;3;2;6;4;VOLTAIRE ( BD );;;;920
200700023997;7;4;28;2100;5;2;3;1;2;4;93, ARGENTEUIL AV D';;;;920
200700024015;7;4;26;1924;2;2;1;1;6;12;86 bis, DOME (RUE DU);;;;920
200700024029;7;4;25;1920;1;2;2;1;3;23;13, ALFRED (RUE);;;;920
200700024070;7;4;11;1655;1;2;1;1;1;36;56/60, VIEUX CHEMIN DE S;;;;920
200700024078;7;4;12;1715;1;2;2;1;2;40;ROUGET DE L'ISLE;;;;920
200700024080;7;4;14;1620;1;2;1;1;6;40;16, ERNEST RENAN;;;;920
200700024096;7;4;18;1800;1;2;1;1;7;48;10, TRIVAUX (AVENUE DE);;;;920
200700024098;7;4;28;925;1;2;3;1;3;48;MAL DE LATTRE DE TASSIGN;;;;920
200700024099;7;4;2;1715;1;2;1;1;3;20;34 bis, PIERRELAIS RUE D;;;;920
200700024122;7;4;27;610;2;2;1;1;3;50;53, FONTANOT RUE DES TRO;;;;920
200700024143;7;4;25;1545;1;2;1;1;3;51;31, GENERAL KOENIG (BOUL;;;;920
200700024176;7;4;22;1850;1;2;1;1;7;22;22, MORTES FONTAINES (RU;;;;920
200700024182;7;4;17;1520;1;2;3;1;3;73;17, SELLIER (BOULEVARD H;;;;920
200700024184;7;4;17;1850;1;2;3;1;6;73;08, DECOUR (RUE JACQUES);;;;920
200700024188;7;4;1;1700;1;2;1;1;6;75;90, JEAN BLEUZEN (RUE);;;;920
200700024190;7;4;11;1655;1;2;1;1;3;46;Charles de gaulle;;;;920
200700024209;7;4;22;1925;1;2;1;1;6;1;14, MOUTIER (RUE DU)  =>;;;;930
200700024214;7;4;28;1800;1;2;2;1;3;1;55, CITES (RUE DES)  =>;;;;930
200700024217;7;4;5;940;1;2;2;1;1;5;2, CROIX BLANCHE (AVENUE;;;;930
200700024222;7;4;10;1925;1;2;3;1;3;5;HENRI MONDOR (RUE);;;;930
200700024226;7;4;24;835;1;1;1;1;2;5;GEORGES BRAQUE (BOULEVAR;;;;930
200700024256;7;4;20;1130;1;1;1;1;1;57;ignore, HALAGE (CHEM. DE;;;;930
200700024259;7;4;28;1705;1;2;1;1;6;57;IGNORE, HALAGE (CHEM. DE;;;;930
200700024263;7;4;5;715;1;2;2;1;3;27;CREVECOEUR (RUE DE);;;;930
200700024272;7;4;24;740;1;2;3;1;3;29;SADI CARNOT;;;;930
200700024280;7;4;10;1950;1;2;2;1;3;79;189, DIVISION LECLERC (A;;;;930
200700024283;7;4;16;945;1;2;3;1;3;31;70, SAINT LEU (ROUTE DE);;;;930
200700024316;7;4;2;1325;1;2;1;1;3;46;44, SULLY AVENUE;;;;930
200700024319;7;4;6;1845;1;2;3;1;3;74;MEAUX RUE DE;;;;930
200700024320;7;4;13;1510;1;2;2;1;3;46;GAMBETTA AVENUE;;;;930
200700024329;7;4;17;1040;1;2;2;1;2;48;STALINGRAD (RUE DE);;;;930
200700024338;7;4;28;1550;1;2;2;1;3;48;210, THEOPHILE SUEUR (BO;;;;930
200700024351;7;4;13;1155;1;2;1;1;1;33;03, PUITS PERDU;;;;930
200700024393;7;4;3;1115;1;2;1;1;3;66;"05, ""PERI GABRIEL, NR 2";;;;930
200700024406;7;4;25;1935;1;2;1;1;2;66;RU DE MONTFORT (CHEMIN);;;;930
200700024435;7;4;25;1625;1;2;1;1;6;59;01, CHARLES DE GAULLE (B;;;;930
200700024440;7;4;18;1050;1;2;1;1;7;73;BERGER (RUE GILBERT);;;;930
200700024442;7;4;25;1920;1;2;9;1;1;78;BALLANGER (BD ROBERT);;;;930
200700024470;7;4;13;1410;1;2;1;1;6;17;ROGER SALENGRO (AV);;;;940
200700024472;7;4;17;1825;1;2;1;1;3;17;01, DUPERTUIS (R);;;;940
200700024478;7;4;27;1925;1;2;1;1;1;17;BOILEAU (AV);;;;940
200700024484;7;4;19;2030;1;2;4;1;3;18;PRESIDENT JOHN KENNEDY (;;;;940
200700024501;7;4;22;1705;1;2;1;1;6;22;15-19, VICTOR HUGO (AV);;;;940
200700024507;7;4;6;1630;1;2;1;1;3;28;202, LECLERC.(RUE DU GEN;;;;940
200700024521;7;4;28;1130;1;2;1;1;6;28;0, CARRE DES EAUX (R DU);;;;940
200700024560;7;4;26;910;1;2;1;1;3;41;44, VERDUN (AV DE);;;;940
200700024566;7;4;18;1820;1;2;1;1;3;46;208, REPUBLIQUE (AV DE L;;;;940
200700024570;7;4;11;1045;1;2;1;1;3;58;NC, GEORGES CLEMENCEAU -;;;;940
200700024586;7;4;16;835;1;2;1;1;6;68;176, CRETEIL (BD DE);;;;940
200700024597;7;4;26;800;1;2;1;1;6;77;3, NON DENOMMEE (VOI);;;;940
200700024605;7;4;10;2105;5;2;2;1;3;78;21, ANATOLE FRANCE (AV);;;;940
200700024639;7;4;24;800;1;2;1;1;2;582;ERMITAGE (RUE DE L');;;;950
200700024658;7;4;5;1730;1;2;1;1;6;203;SAINT LEU (ROUTE DE);;;;950
200700024661;7;4;8;1010;1;2;1;1;6;203;18, VOLTAIRE (AVENUE);;;;950
200700024665;7;4;8;1355;1;2;1;1;6;257;113, ARGENTEUIL (RUE D');;;;950
200700024855;7;4;3;830;1;1;1;1;4;136;RN20;;;;910
200700024919;7;4;25;100;3;2;2;1;3;382;RUE VICTOR HUGO;;;;690
200700024969;7;4;9;2010;2;2;1;1;6;383;281, COURS LAFAYETTE;;;;690
200700024973;7;4;24;1410;1;2;1;1;3;383;79, COURS LAFAYETTE;;;;690
200700024978;7;4;24;1735;1;2;1;1;3;386;5, PLACE MARECHAL LYAUTE;;;;690
200700024983;7;4;15;1515;1;2;2;1;1;383;RUE PAUL BERT;;;;690
200700025021;7;4;30;1000;1;2;1;1;6;387;AVENUE LECLERC;;;;690
200700025163;7;1;24;1210;1;2;6;3;3;288;0000, PATTON GENERAL (RU;;;;350
200700025199;7;4;24;1300;1;2;1;1;3;19;BOISHUE (RUE DE);;;;950
200700025201;7;5;19;1715;1;2;1;1;3;11;rue Dupuis face au n° 23;M;5053400.0;292800.0;590
200700025206;7;5;30;1100;1;2;1;1;6;586;rue de peronne;M;5054000.0;317600.0;590
200700025207;7;5;19;1700;1;1;2;1;3;319;;M;0.0;0.0;590
200700025208;7;5;1;1445;1;2;1;1;3;94;Rue des Peupliers;M;0.0;0.0;590
200700025238;7;5;6;130;3;1;1;1;2;700;;M;5032300.0;201700.0;620
200700025239;7;5;27;1430;1;1;1;1;1;824;;M;0.0;0.0;620
200700025314;7;5;30;2030;2;2;1;2;1;176;23 rue MICHELET;M;0.0;0.0;600
200700025352;7;5;4;1700;1;2;1;1;1;270;RUE GRANDE;M;0.0;0.0;270
200700025365;7;5;16;1400;1;1;1;1;3;203;;M;0.0;0.0;270
200700025380;7;5;2;815;1;2;1;1;3;85;avenue de la libération;M;4841300.0;-175000.0;350
200700025387;7;5;8;1700;1;1;1;1;1;2;;M;4800900.0;-147900.0;350
200700025402;7;5;19;1000;1;1;6;1;2;259;;M;0.0;0.0;220
200700025414;7;5;18;1415;1;1;1;1;1;61;;M;0.0;0.0;290
200700025424;7;5;8;1800;1;1;3;2;1;206;;M;4771000.0;-274000.0;560
200700025432;7;5;22;2100;1;2;1;1;1;13;rue Laënnec;M;4768000.0;-317500.0;560
200700025451;7;5;20;1015;1;1;1;1;3;106;;M;0.0;0.0;140
200700025490;7;5;24;1430;1;1;2;1;1;210;;M;4869500.0;-11400.0;610
200700025498;7;5;18;1845;1;2;1;1;6;484;avenue des loges;M;4827000.0;68800.0;610
200700025535;7;5;19;1800;1;2;1;1;1;377;14 chemin de la raverie;M;0.0;0.0;490
200700025542;7;5;7;1815;1;2;3;1;3;234;rue de la Mairie;M;4744200.0;16000.0;490
200700025567;7;5;22;1845;1;2;2;1;3;223;rue A.DUBOIS rue de LA P;M;4787700.0;-10100.0;720
200700025587;7;5;8;930;1;1;1;8;1;250;La petite foiserie;M;0.0;0.0;850
200700025589;7;5;4;1930;1;2;6;1;2;222;rond point de la concord;M;0.0;0.0;850
200700025608;7;5;24;1745;1;2;3;1;1;327;rue du Maréchal Foch;M;4465900.0;-36100.0;330
200700025617;7;5;2;1345;1;2;1;1;1;138;Rue Pierre Brossolette;M;4504000.0;-13000.0;330
200700025660;7;5;10;1715;1;1;1;1;6;182;CD38 - ROUTE D'ESCOURCE;M;0.0;0.0;400
200700025701;7;5;19;745;1;2;1;1;1;92;Avenue de l' Europe;M;0.0;0.0;860
200700025730;7;5;29;1700;1;2;1;3;1;486;CD273E1;M;0.0;0.0;170
200700025734;7;5;3;1400;1;2;1;1;1;434;1 rue de la Billeterie;M;0.0;0.0;170
200700025800;7;5;6;1445;1;2;1;1;6;84;Rue des Boïdures;M;4318800.0;96800.0;310
200700025807;7;5;22;1530;1;2;1;1;1;80;ROUTE DE TARBES;M;0.0;0.0;310
200700025815;7;5;9;2145;2;1;1;1;5;167;;M;4328400.0;135200.0;90
200700025827;7;5;8;2000;2;1;1;1;3;447;;M;4356200.0;79900.0;320
200700025837;7;5;18;1545;1;1;1;1;3;47;;M;4401400.0;55000.0;320
200700025856;7;5;7;1100;1;1;1;1;7;78;;M;4302200.0;15700.0;650
200700025909;7;5;10;1945;1;2;1;1;6;19;ROUTE DE CHARENTAY;M;4611000.0;472000.0;690
200700025913;7;5;1;1730;1;1;1;1;2;111;;M;0.0;0.0;690
200700025941;7;5;9;1830;1;1;1;1;3;252;;M;0.0;0.0;10
200700025943;7;5;23;1645;1;2;1;1;1;264;ST MARCEL D ARDECHE;M;0.0;0.0;70
200700025957;7;5;7;115;3;1;1;1;6;338;;M;0.0;0.0;70
200700025961;7;5;18;1215;1;1;1;7;1;76;;M;4453900.0;550800.0;260
200700025990;7;5;22;1945;1;2;1;1;1;239;;M;0.0;0.0;380
200700025993;7;5;18;1630;1;2;2;1;1;218;carrefour CD519/CD156;M;0.0;0.0;380
200700026020;7;5;31;715;1;1;6;1;1;449;;M;0.0;0.0;380
200700026025;7;5;6;1545;1;2;1;1;6;94;chemin des veauches;M;4573800.0;422500.0;420
200700026043;7;5;24;2315;5;1;1;3;2;64;;M;0.0;0.0;730
200700026047;7;5;9;1500;1;1;1;1;6;114;;M;0.0;0.0;730
200700026051;7;5;30;1430;1;1;1;1;6;34;;M;4570400.0;665300.0;730
200700026067;7;5;9;1430;1;1;1;1;5;256;;M;4597900.0;664000.0;740
200700026099;7;5;9;645;1;2;1;1;7;280;lieu dit champclos;M;4566700.0;329700.0;630
200700026105;7;5;12;1945;1;2;1;1;3;78;le bourg;M;4551700.0;345200.0;630
200700026112;7;5;21;1630;1;1;1;1;1;276;;M;4582400.0;348300.0;630