Num_Acc;an;mois;jour;hrmn;lum;agg;int;atm;col;com;adr;gps;lat;long;dep
200700035278;7;6;1;1815;1;2;2;1;1;63;182, RUE FRANCOIS DE SOU;;;;330
200700035285;7;6;6;955;1;2;1;1;2;63;243, CRS DE LA SOMME;;;;330
200700035298;7;6;11;1349;1;2;2;1;3;63;BD GEORGES POMPIDOU;;;;330
200700035318;7;6;13;735;2;2;6;2;3;63;PONT DU GUIT;;;;330
200700035319;7;6;13;1721;1;2;2;1;3;63;AVE MAL DE LATTRE TASSIG;;;;330
200700035326;7;6;14;1040;1;2;1;1;6;63;17, CRS DE LA MARNE;;;;330
200700035344;7;6;19;2145;1;2;3;1;3;167;RUE LEO LAGRANGE;;;;330
200700035345;7;6;19;1800;1;2;1;1;3;63;112, CRS D'ALSACE ET LOR;;;;330
200700035349;7;6;19;2230;5;2;1;8;3;63;95, CRS DE L'YSER;;;;330
200700035351;7;6;12;2020;1;2;2;1;3;192;CRS DU GENERAL DE GAULLE;;;;330
200700035364;7;6;22;1950;1;1;1;1;3;63;62, PRK RUE PIERRE TREBO;;;;330
200700035367;7;6;21;1155;1;2;1;1;3;69;30, AVE DE LA LIBERATION;;;;330
200700035373;7;6;22;54;5;2;1;1;2;63;10, QUAI DE LA SOUYS;;;;330
200700035375;7;6;25;1540;1;2;2;1;3;63;RUE COMMANDANT ARNOULD;;;;330
200700035377;7;6;25;1800;1;2;6;1;3;63;PONT EN U;;;;330
200700035382;7;6;21;2310;5;2;1;1;6;550;RUE DE CHAMBERY;;;;330
200700035384;7;6;14;1950;1;2;3;1;3;281;100, AVE DE MAGUDAS;;;;330
200700035389;7;6;22;845;1;2;4;3;3;69;AVE DE LA LIBERATION-CH.;;;;330
200700035405;7;6;20;2210;5;2;1;2;6;243;BOULIN(ALLEES ROBERT);;;;330
200700035433;7;6;1;755;1;2;3;1;3;172;sans, POMPIGNANE (AVENUE;;;;340
200700035437;7;6;2;923;1;2;1;1;6;172;49, GAMBETTA (COURS);M;4360833.0;386856.0;340
200700035461;7;6;14;950;1;2;3;1;3;172;50, CLEMENCEAU (AVENUE G;;;;340
200700035502;7;6;1;755;1;2;6;1;3;55;00, BONNIN ANDRE (AVENUE;;;;350
200700035512;7;6;8;1500;1;2;2;1;3;238;00, DE GAULLE (AVENUE GE;;;;350
200700035527;7;6;20;1720;2;2;1;1;3;238;10, CHATILLON (DE);;;;350
200700035537;7;6;25;1705;1;2;1;2;7;238;76, SAINT-HELIER;;;;350
200700035542;7;6;29;1400;1;2;2;8;3;238;00, SAINT-HELIER;;;;350
200700035568;7;6;8;430;2;2;2;1;3;261;PALLU (RUE ETIENNE);;;;370
200700035578;7;6;3;25;5;2;1;1;3;516;0, VERDUN (AV. DE)OUEST;;;;380
200700035587;7;6;10;1315;1;2;3;1;3;421;., SEPTEMBER (BOULEVARD;;;;380
200700035591;7;6;14;1020;1;2;1;1;3;151;00, JAURES        (COURS;;;;380
200700035598;7;6;17;1745;1;2;1;1;1;151;., BEAUMARCHAIS (PLACE);;;;380
200700035601;7;6;21;752;1;2;2;2;3;185;., JEUX OLYMPIQUES (AVEN;;;;380
200700035607;7;6;28;1300;1;2;2;1;3;169;., LANGEVIN (BOULEVARD P;;;;380
200700035616;7;6;13;1330;1;2;1;1;6;198;22, SOUS PREFECTURE (RUE;;;;390
200700035626;7;6;4;1450;1;2;1;1;3;18;7, SAUSSAYE (QUAI DE LA);;;;410
200700035637;7;6;27;953;1;2;7;1;3;18;WILSON (AVENUE DU PRESID;;;;410
200700035655;7;6;6;1550;1;2;2;1;3;187;20, RABELAIS (RUE FRANCO;;;;420
200700035664;7;6;17;1310;1;2;1;1;3;187;40, FUYANT (RUE DU);;;;420
200700035701;7;6;5;1845;1;2;1;1;6;46;0, RODERIE (ROUTE DE);;;;430
200700035707;7;6;30;1145;1;2;1;1;6;157;6, DE GAULLE (AV. GENERA;;;;430
200700035712;7;6;19;1150;1;2;1;1;6;132;92, ST NAZAIRE (BOULEVAR;;;;440
200700035730;7;6;8;1255;1;2;3;1;3;109;0, QUAI HENRI BARBUSSE;;;;440
200700035738;7;6;15;1250;1;2;1;2;6;109;Néant, PLACE VIARME;;;;440
200700035741;7;6;14;1805;1;2;1;2;6;190;407, ROUTE DE CLISSON;;;;440
200700035747;7;6;20;1050;1;2;1;1;7;109;241, ROUTE DE SAINTE LUC;;;;440
200700035753;7;6;21;825;1;2;1;1;6;109;Néant, RUE DES RENARDIER;;;;440
200700035771;7;6;11;1335;1;2;3;1;3;184;234, PORNICHET (RUE DE);;;;440
200700035773;7;6;13;1745;1;2;3;1;3;184;BERLIOZ (AVENUE HECTOR);;;;440
200700035780;7;6;30;1456;1;2;1;1;7;184;FORT DE L'EVE (ROUTE DU);;;;440
200700035785;7;6;1;955;1;2;1;1;6;285;MENDES FRANCE (AVENUE PI;;;;450
200700035793;7;6;19;849;1;1;1;1;3;274;1, CHATEAU  (RUE DU);;;;450
200700035795;7;6;19;1915;1;2;2;3;3;234;11, BASSE D'INGRE (RUE );;;;450
200700035812;7;6;16;1150;1;2;1;1;6;1;54, REPUBLIQUE (BOULEVAR;;;;470
200700035838;7;6;11;1605;1;2;1;1;7;7;368, SAINT LEONARD;;;;490
200700035842;7;6;12;1822;1;2;6;1;3;353;0, VEST FERDINANT;;;;490
200700035844;7;6;11;1758;1;2;1;1;7;7;0, BRIAND AVENUE;;;;490
200700035845;7;6;13;930;1;2;1;1;6;7;330, SAINT LEONARD;;;;490
200700035848;7;6;14;1316;1;2;1;1;6;7;10, SCHUMANN PASSAGE ET;;;;490
200700035849;7;6;15;950;1;2;1;1;7;7;0, COUBERTIN BOULEVARD;;;;490
200700035854;7;6;16;1456;1;2;6;1;6;7;0, CAMUS BOULEVARD;;;;490
200700035859;7;6;22;1702;1;2;1;1;3;7;9,  MAJOR ALLARD;;;;490
200700035869;7;6;29;1540;1;2;1;1;7;7;53, GRESILLE AVENUE;;;;490
200700035885;7;6;8;955;1;1;1;1;7;602;00, MARE (CHEMIN DE LA);;;;500
200700035895;7;6;21;1850;1;2;9;2;3;129;00, GARE MARITIME(voies;;;;500
200700035908;7;6;20;1555;1;2;3;1;3;573;47, COUTURIER (RUE PAUL;;;;510
200700035915;7;6;10;1425;1;1;1;1;6;125;0, LYCEE (RUE DU);;;;520
200700035942;7;6;6;1310;1;2;1;1;3;578;3, GIRAUDOUX (RUE JEAN);;;;540
200700035964;7;6;14;705;1;2;1;1;3;395;12, JACOB (RUE DU CHANOI;;;;540
200700035969;7;6;18;940;1;2;1;1;6;395;1, RAME (PASSAGE DE LA);;;;540
200700035972;7;6;19;1230;1;2;1;1;3;395;1, MOLITOR (RUE);;;;540
200700036007;7;6;6;1915;1;2;1;1;7;121;26, LA FAYETTE (RUE  DE;;;;560
200700036015;7;6;8;1331;1;2;1;1;7;121;35, GUIEYSSE (RUE  PAUL;;;;560
200700036018;7;6;9;822;1;2;6;1;3;121;., MARIENNE ( AV CAPITAI;;;;560
200700036020;7;6;11;1554;1;2;1;1;3;162;30, PINS (RUE DES);;;;560
200700036031;7;6;19;1555;1;1;1;1;3;162;., KEREVEN;;;;560
200700036042;7;6;6;1500;1;2;1;1;6;260;40, MENE(RUE DU);;;;560
200700036044;7;6;14;1550;1;2;1;1;6;260;., KERGRAIN(GIRATOIRE DE;;;;560
200700036071;7;6;21;1935;1;2;3;8;6;463;00, AMPHITHEATRE (AVENUE;;;;570
200700036109;7;6;12;1615;1;2;1;1;7;194;21, MANTOUE (QUAI);;;;580
200700036111;7;6;6;1545;1;2;1;1;6;194;SANS, VICTOR GUENEAU (PR;;;;580
200700036112;7;6;13;1035;1;2;1;1;6;194;71, BAS MONTOTS (CHEMIN);;;;580
200700036124;7;6;8;1415;1;2;1;2;2;153;24 BIS, CHAUSSIETTE (RUE;;;;590
200700036135;7;6;21;1325;1;2;1;1;6;183;HECQUET CONSTANT;;;;590
200700036142;7;6;1;1935;1;2;1;1;6;9;07, BOULEAUX RUE DES;;;;590
200700036148;7;6;4;1820;1;2;2;1;3;9;OUEST BOULEVARD DE L;;;;590
200700036154;7;6;6;1520;1;2;1;1;6;350;ERFURT PONT;;;;590
200700036162;7;6;6;740;1;2;2;1;6;9;Sans objet, GUESDE JULES;;;;590
200700036167;7;6;13;1615;1;2;1;1;3;350;MOLINEL RUE DU;;;;590
200700036171;7;6;15;1520;1;2;1;1;3;350;55 B, JACQUEMART GIELEE;;;;590
200700036220;7;6;14;815;1;1;3;1;3;367;FENELON (RUE);;;;590
200700036230;7;6;16;1610;1;1;6;1;3;512;BEAUREPAIRE (BOULEVARD);;;;590
200700036233;7;6;20;1430;1;2;1;1;3;650;VIEUX BUREAU (RUE DU);;;;590
200700036239;7;6;23;1540;1;2;1;1;3;512;BEAUREWAERT (RUE DE);;;;590
200700036242;7;6;27;1140;1;2;2;1;3;512;LALANDE (RUE);;;;590
200700036252;7;6;30;900;1;2;3;1;3;421;ROOSEVELT (RUE FRANKLIN);;;;590
200700036283;7;6;2;1245;1;2;3;1;5;178;64, PEROU ( DU );;;;620
200700036296;7;6;6;1135;1;2;1;1;3;249;0, CHARCOT (R);;;;620
200700036307;7;6;28;1710;1;2;1;1;3;32;., NERUDA (R PABLO);;;;620
200700036341;7;6;15;1845;1;2;1;1;6;113;1, DROITS DE L'HOMME (PL;;;;630
200700036352;7;6;23;1250;1;2;1;1;7;113;., CLAUDIUS (CHAUSSEE);;;;630
200700036360;7;6;26;1450;1;2;1;1;3;14;37, GERGOVIE (RUE DE);;;;630
200700036372;7;6;1;1810;1;2;1;1;3;24;13, SUAREZ (RUE SANTOS);;;;640
200700036387;7;6;23;205;5;2;1;1;7;24;115, MONTBRUN (AVENUE DE;;;;640
200700036399;7;6;1;1920;1;2;6;1;3;445;1, ALLEES DE MORLAAS DES;;;;640
200700036403;7;6;4;1335;1;2;1;1;3;445;CONDORCET;;;;640
200700036406;7;6;8;900;1;2;1;1;6;445;8, DAMES DE SAINT-MAUR D;;;;640
200700036429;7;6;8;1205;1;2;3;1;1;260;CD 912;;;;640
200700036435;7;6;5;1915;1;1;1;1;3;483;30, CHANTACO (AVENUE DE;;;;640
200700036449;7;6;3;1910;1;2;1;1;1;440;., LE CAMINADOUR;;;;650
200700036452;7;6;5;1820;1;1;1;1;2;47;162, JAURES (AVE JEAN);;;;650
200700036481;7;6;2;1847;1;1;1;9;6;462;RD 424;;;;670
200700036485;7;6;1;1845;1;2;3;1;3;218;STRASBOURG (ROUTE DE);;;;670
200700036493;7;6;5;1208;1;2;1;1;6;482;115, BOECKLIN (RUE);;;;670
200700036497;7;6;7;1645;1;2;9;1;6;482;00, EGLISE ROUGE (RUE DE;;;;670
200700036502;7;6;9;945;1;2;1;1;6;482;145, SCHIRMECK (ROUTE DE;;;;670
200700036512;7;6;16;925;1;2;1;1;6;482;00, BELGES (QUAI DES);;;;670
200700036513;7;6;16;1955;1;2;1;1;3;482;33, PREMIERE ARMEE (RUE;;;;670
200700036518;7;6;18;2230;5;2;1;1;3;447;00, PIERRE MENDES FRANCE;;;;670
200700036524;7;6;21;1600;1;2;2;1;3;482;00, VICTOIRE (BOULEVARD;;;;670
200700036526;7;6;22;1410;1;2;1;1;6;482;SAINT ETIENNE (PLACE);;;;670
200700036528;7;6;26;525;2;2;1;2;2;482;21, FORET NOIRE (AVENUE;;;;670
200700036533;7;6;10;1040;1;2;2;2;3;66;REPUBLIQUE (AVENUE DE LA;;;;680
200700036540;7;6;24;1715;1;2;2;1;3;66;GOLBERY (RUE);;;;680
200700036546;7;6;9;1600;1;2;2;1;3;56;ASHE (RUE ARTHUR);;;;680
200700036547;7;6;12;1650;1;2;3;1;6;224;, DOLLER (RUE DE LA);;;;680
200700036551;7;6;21;2005;1;2;1;1;3;224;08, GAY-LUSSAC (RUE);;;;680
200700036559;7;6;13;1910;1;2;1;1;6;34;1, RUE DE LA GARE DE CUI;;;;690
200700036560;7;6;11;1245;1;2;1;3;6;34;47, RUE PASTEUR;;;;690
200700036572;7;6;14;1830;1;2;3;1;1;259;RUE RAIMU;;;;690
200700036588;7;6;13;1830;1;2;1;1;6;266;53, RUE FRANCIS DE PRESS;;;;690
200700036599;7;6;9;910;1;2;1;1;3;290;AVENUE DE LA GARE;;;;690
200700036633;7;6;13;915;1;1;1;1;3;181;TOURS (RTE) LIGNE DROITE;;;;720
200700036649;7;6;18;1210;1;2;3;1;1;181;LEFAUCHEUX PIERRE (BD);;;;720
200700036654;7;6;21;1400;1;2;1;1;3;181;JET D'EAU (PL DU);;;;720
200700036661;7;6;27;1345;1;2;2;1;2;181;MASSIF CENTRAL (RUE DU);;;;720
200700036670;7;6;23;1015;1;2;1;1;2;8;CHARCOT  BOULEVARD JEAN;;;;730
200700036677;7;6;15;1525;1;2;1;1;6;10;28, SOMMEILLER;;;;740
200700036694;7;6;2;1045;1;2;1;1;6;16;L14611 RTE DE SEVRES A N;;;;750
200700036703;7;6;1;1245;1;2;2;1;2;15;R DE JAVEL R DES 4 FRERE;;;;750
200700036736;7;6;10;1620;1;2;2;1;7;5;BD SAINT MICHEL R DES EC;;;;750
200700036738;7;6;11;2108;1;2;1;1;3;5;68 R MONGE;;;;750
200700036752;7;6;28;1340;1;2;1;1;3;545;RD 154;;;;760
200700036783;7;6;16;1930;1;2;1;3;3;212;PAIX. BOULEVARD DE LA (R;;;;760
200700036807;7;6;22;1405;1;2;3;2;3;152;470, LYS(AVENUE DU)LE RE;;;;770
200700036819;7;6;24;1335;1;1;1;1;5;335;RD129 (ROUTE DEPARTEMENT;;;;770
200700036834;7;6;8;1700;1;2;3;1;7;296;CHANGIS(RUE DE);;;;770
200700036841;7;6;9;1835;1;2;3;1;6;121;BLEUETS (RUE DES);;;;770
200700036858;7;6;29;1645;1;2;1;1;2;172;0, BERTEAUX (RUE MAURICE;;;;780
200700036876;7;6;14;1850;1;2;9;1;3;358;MARINE (PLACE);;;;780
200700036919;7;6;10;1145;1;1;1;1;6;551;PORTE DAUPHINE (ROUTE DE;;;;780
200700036926;7;6;6;1325;1;2;1;1;6;621;POLITZER (AVENUE GEORGES;;;;780
200700036931;7;6;17;1320;1;2;9;1;6;640;10, PROVENCE (AVENUE DE);;;;780
200700036948;7;6;28;1705;1;2;1;1;6;146;80, AUGUSTE RENOIR (RUE);;;;780
200700036959;7;6;5;1525;1;2;1;1;7;21;4 BIS, ARCHERS (RUE DES);;;;800
200700036960;7;6;7;1915;1;2;1;1;2;21;76, EDMOND ROSTAND (RUE);;;;800
200700036969;7;6;12;1740;1;2;1;1;2;21;108, POINTIN (RUE);;;;800
200700036990;7;6;20;1015;1;2;1;1;2;65;60, ZOLA (RUE EMILE);;;;810
200700037000;7;6;28;1355;1;2;6;8;3;33;0, XIXème SIECLE (du);;;;820
200700037004;7;6;20;1925;1;1;2;1;3;121;0, DE SAINT PIERRE (CHEM;;;;820
200700037008;7;6;29;1646;1;2;6;1;3;121;0, PARIS N 20 (AVENUE DE;;;;820
200700037044;7;6;2;1540;1;2;2;1;3;98;321, PREMIERE (D.F.L);;;;830
200700037085;7;6;3;2125;5;2;1;1;6;7;SIXTE ISNARD (Boulevard);;;;840
200700037097;7;6;27;845;1;2;1;1;3;7;COLCHESTER (Avenue de);;;;840
200700037107;7;6;6;925;1;2;1;1;6;191;INDUSTRIE BOULEVARD DE L;;;;850
200700037109;7;6;18;1225;1;1;1;1;6;191;2, CHEMIN COMMUNAL;;;;850
200700037222;7;6;21;1415;1;2;2;1;3;10;KENNEDY (BOULEVARD);;;;900
200700037225;7;6;24;1504;1;1;2;1;3;8;GRAND'RUE;;;;900
200700037235;7;6;14;2055;2;2;1;1;6;97;BESLY (RUE DU);;;;910
200700037257;7;6;6;1045;1;1;1;1;7;433;RN 191;;;;910
200700037260;7;6;11;830;1;2;1;1;2;223;6, VAN LOO (RUE);;;;910
200700037303;7;6;15;1610;1;2;3;1;6;2;13, ABBAYE (RUE DE L');;;;920
200700037304;7;6;15;1730;1;2;3;1;6;2;55, ADOLPHE PAJEAUD (RUE;;;;920
200700037323;7;6;27;1310;1;2;2;1;3;4;NR, FELIX FAURE ( RUE );;;;920
200700037332;7;6;2;1945;1;2;1;1;6;12;26, ANDRE MORIZET (AVENU;;;;920
200700037350;7;6;13;1000;1;2;1;1;3;32;02, PARADIS (RUE DES);;;;920
200700037367;7;6;20;1225;1;2;3;1;6;24;DIX-HUIT-JUIN-1940 (RUE;;;;920
200700037390;7;6;6;1225;1;2;1;1;6;35;14, République ( bouleva;;;;920
200700037404;7;6;20;1325;1;2;1;1;3;36;41, JEAN JAURES (RUE) (3;;;;920
200700037408;7;6;29;1255;1;2;1;1;3;36;51, GENERAL DE GAULLE (A;;;;920
200700037433;7;6;16;1430;1;2;2;1;3;20;ESTIENNE D'ORVES RUE D';;;;920
200700037447;7;6;1;1152;1;2;2;1;6;51;MAURICE BARRES (BOULEVAR;;;;920
200700037451;7;6;10;1210;1;2;1;1;6;51;06, CHATEAU (RUE DU);;;;920
200700037469;7;6;1;1955;2;2;1;1;2;63;14, RICHELIEU (BOULEVARD;;;;920
200700037482;7;6;14;1415;1;2;1;2;6;64;97, REPUBLIQUE;;;;920
200700037487;7;6;20;1230;1;2;9;1;7;33;65, DIX NEUF JANVIER;;;;920
200700037502;7;6;20;845;1;2;1;1;7;73;23, FUSILLES DE LA RESIS;;;;920
200700037509;7;6;25;1920;1;2;2;3;3;46;AVAULEE (RUE);;;;920
200700037529;7;6;23;1940;1;2;1;1;6;1;COMMANDANT L'HERMINIER (;;;;930
200700037551;7;6;19;940;1;2;3;1;3;7;GABRIEL PERI (PLACE);;;;930
200700037565;7;6;12;925;1;2;1;1;6;10;ignore, QUATORZE-JUILLET;;;;930
200700037627;7;6;25;1635;1;2;3;1;3;48;-, DHUYS (RUE DE LA);;;;930
200700037640;7;6;24;1118;1;2;3;1;3;51;73, PAUL PAMBRUN (BOULEV;;;;930
200700037645;7;6;25;1125;1;2;2;1;3;53;9999999999, GAGNY (AVENU;;;;930
200700037707;7;6;19;1830;1;2;1;1;2;72;04, MARCEL LE POGAMP (RU;;;;930
200700037711;7;6;6;1900;1;2;1;1;3;78;DE GAULLE (AVENUE CHARLE;;;;930
200700037719;7;6;21;1355;1;2;1;1;3;78;20, GARE (AVENUE DE LA);;;;930
200700037752;7;6;5;1350;1;2;2;1;3;18;CAMILLE MOUQUET (R);;;;940
200700037821;7;6;15;1900;1;2;1;1;2;38;, ECOLES (R DES);;;;940
200700037824;7;6;17;1830;1;2;9;2;2;34;RESERVOIR (R DU);;;;940
200700037836;7;6;13;1600;1;2;1;2;7;41;08, JEAN PERRIN (R);;;;940
200700037848;7;6;27;825;1;2;1;1;4;46;37, GENERAL LECLERC (AV;;;;940
200700037851;7;6;28;1510;1;2;3;1;3;46;00, JOUET (R);;;;940
200700037882;7;6;16;900;1;2;2;1;6;67;., GENERAL DE GAULLE (AV;;;;940
200700037883;7;6;17;1555;1;2;3;2;6;80;., CHATEAU (AV DU);;;;940
200700037884;7;6;29;2035;1;2;2;8;3;80;., CHATEAU (AV DU);;;;940
200700037889;7;6;6;1610;1;2;2;1;6;81;angle, MARIO CAPRA (R);;;;940
200700037900;7;6;1;1920;1;2;3;1;3;18;ROLLAND (ALLEE ET PLACE;;;;950
200700037903;7;6;7;1835;1;2;1;1;3;18;16, ROUQUES (RUE DU DOCT;;;;950
200700037907;7;6;12;935;1;2;1;1;7;582;01, DAMIETTE (AVENUE);;;;950
200700037920;7;6;11;1745;1;2;2;1;6;197;01, CAUCHOIX (RUE);;;;950
200700037924;7;6;14;1145;1;2;6;1;3;219;SAINT LEU (ROUTE DE);;;;950
200700037929;7;6;25;858;1;2;4;2;3;203;CESAR (CHAUSSEE JULES);;;;950
200700038273;7;6;29;1506;1;2;1;1;3;33;SANS, CHANOINE LESCHI -;;;;202
200700038351;7;6;13;900;1;2;2;1;1;386;RUE JEAN BROQUIN;;;;690
200700038359;7;6;23;2030;1;2;2;1;3;383;AVENUE GEORGES POMPIDOU;;;;690
200700038366;7;6;20;945;1;2;2;1;3;386;RUE CUVIER;;;;690
200700038415;7;6;8;850;1;2;1;1;6;387;147, AVENUE JEAN JAURES;;;;690
200700038530;7;6;23;1130;1;2;2;8;3;101;1, QUAI DU LOUVRE;;;;750
200700038546;7;6;29;2330;5;2;7;3;3;104;5, PLACE DE L HOTEL DE V;;;;750
200700038564;7;6;27;1515;1;2;1;1;3;103;89, RUE DE TURBIGO;;;;750
200700038568;7;6;29;2030;1;2;1;2;3;103;164, RUE DU TEMPLE;;;;750
200700038573;7;6;12;810;1;2;1;8;6;104;96, RUE DE RIVOLI;;;;750
200700038584;7;6;19;830;1;2;2;1;2;104;10, AVENUE VICTORIA;;;;750
200700038586;7;6;20;650;1;2;2;1;3;104;74, RUE DE RIVOLI;;;;750
200700038601;7;6;16;1330;1;2;4;1;3;105;40, BOULEVARD DE L HOPIT;;;;750
200700038602;7;6;16;1805;1;2;1;2;7;105;23, QUAI SAINT BERNARD;;;;750
200700038606;7;6;19;1725;1;2;2;1;3;105;BOULEVARD SAINT MICHEL;;;;750
200700038617;7;6;30;1855;1;2;1;8;6;105;39, RUE HENRI BARBUSSE;;;;750
200700038624;7;6;18;1700;1;2;1;1;6;105;105, BOULEVARD SAINT MIC;;;;750
200700038630;7;6;23;1900;1;2;1;1;2;106;46, RUE MONSIEUR LE PRIN;;;;750
200700038642;7;6;10;1145;1;2;1;1;6;107;39, AVENUE DE SUFFREN;;;;750
200700038644;7;6;14;1530;1;2;2;1;3;107;28, RUE DU BAC;;;;750
200700038648;7;6;19;1440;1;2;2;1;3;107;1, QUAI ANATOLE FRANCE;;;;750
200700038672;7;6;8;930;1;2;1;8;3;108;AVENUE MONTAIGNE;;;;750
200700038700;7;6;22;910;1;2;1;1;2;108;14, RUE LA BOETIE;;;;750
200700038701;7;6;22;1130;1;2;5;1;3;108;ROND POINT CHAMPS ELYSEE;;;;750
200700038718;7;6;19;945;1;2;1;8;6;109;26, RUE D AMSTERDAM;;;;750
200700038739;7;6;25;220;5;2;2;1;3;110;QUAI DE VALMY;;;;750
200700038746;7;6;28;1750;1;2;1;1;3;110;89, QUAI DE VALMY;;;;750
200700038749;7;6;1;950;1;2;1;1;3;111;35, RUE DES TROIS BORNES;;;;750
200700038756;7;6;7;1200;1;2;3;1;2;111;104, RUE AMELOT;;;;750
200700038759;7;6;9;1620;1;2;2;1;3;111;103, RUE DU CHEMIN VERT;;;;750
200700038761;7;6;12;1959;1;2;3;1;2;111;25, RUE POPINCOURT;;;;750
200700038783;7;6;29;1445;1;2;3;2;3;111;23, BOULEVARD DE MENILMO;;;;750
200700038785;7;6;29;2056;1;2;3;2;3;111;109, BOULEVARD RICHARD L;;;;750
200700038787;7;6;30;2015;1;2;1;8;3;111;110, RUE DE LA ROQUETTE;;;;750
200700038791;7;6;9;935;1;2;6;1;3;112;ROUTE DE LA PYRAMIDE;;;;750
200700038792;7;6;9;2125;2;2;1;1;3;112;32 ter, BOULEVARD DE LA;;;;750
200700038796;7;6;12;1150;1;2;2;1;7;112;2, AVENUE DAUMESNIL;;;;750
200700038797;7;6;13;930;1;2;5;1;3;112;RUE JEAN BOUTON;;;;750
200700038808;7;6;21;832;1;2;4;8;2;112;RUE DE GRAVELLE;;;;750
200700038819;7;6;25;1210;1;2;2;1;3;112;QUAI DE LA RAPEE;;;;750
200700038861;7;6;28;1615;1;2;2;1;3;113;63, RUE DE LA SANTE;;;;750
200700038868;7;6;5;835;1;2;1;1;6;114;V A V 236, BOULEVARD RAS;;;;750
200700038871;7;6;7;835;1;2;1;1;6;114;RUE VERCINGETORIX;;;;750
200700038879;7;6;14;910;1;2;1;1;6;114;7, BOULEVARD JOURDAN;;;;750
200700038887;7;6;25;1130;1;2;3;1;3;114;69, AVENUE DU GENERAL LE;;;;750
200700038889;7;6;26;2005;1;2;3;1;6;114;23, RUE VERCINGETORIX;;;;750
200700038890;7;6;28;1235;1;2;3;1;2;114;17, RUE DES PLANTES;;;;750
200700038899;7;6;12;1750;1;2;4;1;2;115;236, RUE DE LA CONVENTIO;;;;750
200700038901;7;6;13;850;1;2;1;1;6;115;85, BOULEVARD LEFEBVRE;;;;750
200700038913;7;6;21;250;5;2;1;2;7;115;107, RUE DE JAVEL;;;;750
200700038914;7;6;21;1830;1;2;1;1;3;115;19, RUE PECLET;;;;750
200700038917;7;6;22;1342;1;2;1;3;2;115;162, RUE DE LA CONVENTIO;;;;750
200700038923;7;6;1;1645;1;2;7;8;3;116;PLACE DE COSTA RICA;;;;750
200700038930;7;6;9;1345;1;2;2;1;2;116;ROUTE DE SEVRES A NEUILL;;;;750
200700038938;7;6;12;1850;1;2;1;1;6;116;ROUTE DES TRIBUNES;;;;750
200700038954;7;6;18;1920;1;2;1;1;7;116;55, RUE DE L ASSOMPTION;;;;750
200700038985;7;6;8;1720;1;2;1;8;6;117;43, AVENUE DE SAINT OUEN;;;;750
200700039027;7;6;29;1750;1;2;1;1;6;117;183, BOULEVARD PEREIRE;;;;750
200700039031;7;6;2;1030;1;2;1;1;6;118;150, RUE ORDENER;;;;750
200700039067;7;6;2;1720;1;2;1;1;6;119;BOULEVARD DE LA VILLETTE;;;;750
200700039085;7;6;21;940;1;2;1;1;3;119;114, RUE DE CRIMEE;;;;750
200700039090;7;6;25;735;1;2;2;1;3;119;RUE DE CRIMEE;;;;750
200700039094;7;6;25;1410;1;2;1;1;7;119;41, RUE MANIN;;;;750
200700039096;7;6;27;845;1;2;1;1;7;119;43, AVENUE JEAN JAURES;;;;750
200700039098;7;6;27;1910;1;2;1;1;3;119;26, RUE ARMAND CARREL;;;;750
200700039107;7;6;4;955;1;2;9;2;6;120;BOULEVARD DE MENILMONTAN;;;;750
200700039112;7;6;9;1930;1;2;3;1;3;120;73, BOULEVARD MORTIER;;;;750
200700039126;7;6;14;1025;1;2;1;1;3;120;45, RUE DE MENILMONTANT;;;;750
200700039128;7;6;14;1845;1;2;1;1;5;120;4, RUE LEON FRAPIE;;;;750
200700039133;7;6;16;2314;5;2;3;1;6;120;78, BOULEVARD DE MENILMO;;;;750
200700039136;7;6;19;1715;1;2;1;1;3;120;2, RUE JEAN VEBER;;;;750
200700039139;7;6;21;1240;1;2;2;1;3;120;BOULEVARD MORTIER;;;;750
200700039155;7;6;29;920;1;2;1;1;6;120;195, RUE DES PYRENEES;;;;750
200700039195;7;6;25;410;5;2;3;1;1;120;AVENUE GAMBETTA;;;;750
200700039197;7;6;26;1040;1;2;1;8;3;108;27, RUE JEAN MERMOZ;;;;750