Num_Acc;an;mois;jour;hrmn;lum;agg;int;atm;col;com;adr;gps;lat;long;dep
200700039271;7;6;2;1220;1;2;3;1;6;288;000, TRIQUERVILLE JEAN-P;;;;350
200700039274;7;6;20;1925;1;2;6;1;3;288;TALARDS (BOULEVARD DES);;;;350
200700039283;7;4;7;1630;1;2;0;1;3;335;RUE DES FONTAINES;;;;780
200700039287;7;1;16;825;2;2;3;1;3;646;0, M. DE LATTRE DE TASSI;;;;780
200700039290;7;1;31;1555;1;2;1;1;6;646;58, CHANTIERS (RUE DES);;;;780
200700039312;7;6;26;1145;1;2;1;1;6;646;18, REFUGE (RUE DU);;;;780
200700039315;7;7;12;1010;1;2;1;1;6;466;Nationale face au N° 171;M;5052500.0;311400.0;590
200700039328;7;7;12;1830;1;2;1;1;3;85;;M;0.0;0.0;590
200700039365;7;7;27;1845;1;1;1;1;7;531;;M;0.0;0.0;800
200700039366;7;7;18;1000;1;1;1;1;6;211;;M;0.0;0.0;800
200700039377;7;7;19;2215;3;1;1;1;2;793;;M;0.0;0.0;800
200700039389;7;7;22;1130;1;1;1;1;1;510;;M;0.0;0.0;20
200700039411;7;7;21;1700;1;2;1;1;5;65;RUE BERNARD ANTOINE GIRA;M;0.0;0.0;600
200700039424;7;7;17;1915;2;1;1;1;2;147;;M;4950000.0;285000.0;600
200700039491;7;7;2;1745;1;2;1;1;1;356;ROUTE DE BROGLIE;M;0.0;0.0;270
200700039501;7;7;1;1415;1;2;1;1;1;110;RD 20 RUE DE DINGE;M;4833600.0;-164700.0;350
200700039520;7;7;13;1845;1;1;5;1;3;299;;M;0.0;0.0;350
200700039561;7;7;22;1515;1;2;9;2;1;175;cd 36;M;0.0;0.0;290
200700039565;7;7;24;1900;1;2;1;1;3;105;RUE AMBROISE PARE;M;0.0;0.0;290
200700039572;7;7;24;1800;1;1;1;1;3;154;;M;4772100.0;-218600.0;560
200700039577;7;7;6;1115;1;1;3;1;3;233;;M;4759200.0;-301700.0;560
200700039579;7;7;26;1830;1;1;1;1;3;234;;M;0.0;0.0;560
200700039583;7;7;7;1830;1;1;1;1;3;161;;M;4765500.0;-309200.0;560
200700039601;7;7;11;815;1;2;1;1;2;754;Avenue Jean MOULIN;M;4932600.0;900.0;140
200700039607;7;7;23;1400;1;2;1;2;1;99;route de st come;M;4931000.0;-125100.0;500
200700039627;7;7;12;900;1;1;1;1;2;102;;M;0.0;0.0;610
200700039644;7;7;4;1145;1;1;1;1;1;99;;M;4762000.0;-138000.0;440
200700039662;7;7;18;1900;1;2;3;1;1;154;Av de la guerche;M;0.0;0.0;440
200700039674;7;7;4;1115;1;2;6;1;3;194;rue de Nantes;M;4726400.0;-165400.0;440
200700039708;7;7;19;1600;1;1;1;1;3;236;;M;0.0;0.0;530
200700039722;7;7;17;915;1;2;3;1;1;154;promenade du Maréchal Fo;M;0.0;0.0;720
200700039732;7;7;19;1100;1;2;1;1;1;264;Rue Aristide BRIAND;M;4784500.0;-33000.0;720
200700039809;7;7;7;1730;1;1;1;1;7;108;;M;4522200.0;59800.0;240
200700039840;7;7;29;800;1;1;1;8;2;277;;M;4366700.0;-103900.0;400
200700039872;7;7;17;1045;1;2;1;1;2;225;route de MONT DE MARSAN;M;4418100.0;56300.0;470
200700039892;7;7;17;1530;1;2;3;1;3;370;CD 206;M;0.0;0.0;640
200700039893;7;7;17;1600;1;1;9;1;3;518;;M;4331200.0;-27400.0;640
200700039900;7;7;22;1230;1;1;1;1;1;204;;M;4296800.0;-35000.0;640
200700039903;7;7;5;945;1;1;2;1;3;499;;M;0.0;0.0;640
200700039922;7;7;17;815;1;2;3;1;1;192;RUE DES QUATRE VENTS;M;0.0;0.0;160
200700039937;7;7;8;2100;1;1;1;1;2;466;;M;4618000.0;-92000.0;170
200700039947;7;7;10;1345;1;1;9;1;3;337;;M;4599400.0;-134300.0;170
200700039948;7;7;16;1700;1;1;9;1;5;323;;M;0.0;0.0;170
200700039958;7;7;25;1715;1;1;1;1;1;164;;M;0.0;0.0;170
200700039961;7;7;16;1530;1;2;1;1;3;230;;M;0.0;0.0;170
200700039963;7;7;28;930;1;1;1;1;3;437;;M;0.0;0.0;170
200700039996;7;7;15;2145;2;2;9;1;7;73;Route de Sarran;M;0.0;0.0;190
200700040040;7;7;30;1530;1;1;1;1;1;188;;M;0.0;0.0;310
200700040094;7;7;31;1915;1;1;1;7;1;177;;M;4488100.0;182800.0;460
200700040111;7;7;5;1200;1;1;1;1;3;127;;M;4310800.0;34000.0;650
200700040126;7;7;31;900;1;2;1;1;1;120;avenue Henry Simon;M;4354100.0;226300.0;810
200700040134;7;7;25;1245;1;2;1;1;7;155;avenue Paul BENET;M;4415700.0;175200.0;820
200700040157;7;7;25;1230;1;1;1;1;3;74;;M;0.0;0.0;690
200700040201;7;7;4;1330;1;2;1;1;6;90;cd104 grand rue;M;0.0;0.0;70
200700040203;7;7;24;1630;1;1;1;1;7;261;;M;0.0;0.0;70
200700040204;7;7;21;1045;1;1;1;1;3;199;;M;0.0;0.0;70
200700040257;7;7;23;1415;1;1;1;1;1;562;;M;0.0;0.0;380
200700040268;7;7;17;1045;1;2;1;1;2;517;route de Renage;M;0.0;0.0;380
200700040297;7;7;27;1915;1;2;2;1;3;9;Le Bourg;M;0.0;0.0;420
200700040318;7;7;31;1545;1;1;1;1;2;218;;M;4585300.0;580600.0;730
200700040326;7;7;14;830;1;1;1;7;1;34;;M;4573700.0;654900.0;730
200700040327;7;7;30;1800;1;1;1;1;1;54;;M;0.0;0.0;730
200700040333;7;7;16;1130;1;1;1;1;1;306;;M;0.0;0.0;730
200700040338;7;7;29;1130;1;1;1;1;1;242;;M;0.0;0.0;740
200700040342;7;7;13;1100;1;1;1;1;1;302;;M;4592400.0;639000.0;740
200700040343;7;7;16;845;1;1;1;1;6;302;;M;0.0;0.0;740
200700040346;7;7;20;830;1;1;1;1;5;920;;M;0.0;0.0;740
200700040465;7;7;1;630;2;2;1;1;3;392;11 rue de Morhange;M;4904100.0;636800.0;570
200700040534;7;7;18;1645;1;2;1;1;1;158;RUE DU CROC;M;4809900.0;661400.0;880
200700040535;7;7;7;1130;1;2;1;1;1;75;RUE DES JONQUILLES;M;0.0;0.0;880
200700040557;7;7;15;1115;1;1;1;1;1;67;;M;4871800.0;768400.0;670
200700040562;7;7;25;700;1;1;1;1;2;1;;M;0.0;0.0;670
200700040566;7;7;30;1645;1;2;1;1;3;73;21 rue du maréchal FOCH;M;0.0;0.0;670
200700040599;7;7;7;1715;1;2;1;1;1;40;Rue du Rhin;M;4783700.0;707900.0;680
200700040624;7;7;16;830;1;2;1;1;3;649;rue des hauts pas/denie;M;0.0;0.0;510
200700040626;7;7;25;1500;1;1;1;1;2;16;;M;4862400.0;472000.0;510
200700040629;7;7;10;1515;1;1;1;1;2;37;;M;0.0;0.0;80
200700040636;7;7;23;830;1;2;1;2;3;6;25 ROUTE DE BRIENNE;M;4854000.0;414900.0;100
200700040678;7;7;13;1430;1;1;1;1;3;360;;M;4708700.0;467100.0;210
200700040685;7;7;2;1730;1;1;1;1;1;577;CD 20;M;0.0;0.0;210
200700040688;7;7;13;1530;1;1;1;1;2;259;;M;4760400.0;440900.0;210
200700040693;7;7;22;945;1;1;1;1;1;505;;M;4741000.0;433300.0;210
200700040702;7;7;3;1000;1;2;7;1;1;79;Place Sanglé Ferrière;M;0.0;0.0;580
200700040722;7;7;18;1845;1;1;3;1;3;442;;M;0.0;0.0;710
200700040738;7;7;26;1545;1;2;1;1;3;213;;M;0.0;0.0;710
200700040758;7;7;19;715;1;2;1;1;2;434;Route de Genève;M;0.0;0.0;890
200700040763;7;7;19;1015;1;2;1;1;1;370;Rue Charles Boullé;M;4818300.0;309500.0;890
200700040800;7;7;25;1130;1;1;1;1;3;516;;M;0.0;0.0;700
200700040866;7;7;27;1100;1;1;1;1;3;19;;M;4439500.0;667400.0;40
200700040867;7;7;22;1215;1;1;1;1;2;96;;M;4441200.0;675500.0;40
200700040875;7;7;14;1200;1;1;1;1;1;229;;M;0.0;0.0;40
200700040914;7;7;31;1230;1;2;1;1;6;47;rue Eugène Henri;M;4384800.0;704700.0;60
200700040917;7;7;24;1030;1;1;1;1;6;120;;M;4423900.0;694000.0;60
200700040961;7;7;6;1000;1;2;9;1;1;54;avenue julien guigue;M;4392100.0;504700.0;840
200700040965;7;7;8;1730;1;1;3;1;3;118;;M;4392800.0;531600.0;840
200700040975;7;7;8;1015;1;2;9;1;5;88;Route de Sudre;M;4401000.0;503700.0;840
200700040994;7;7;28;1030;1;2;4;1;3;145;;M;0.0;0.0;340
200700041001;7;7;21;1345;1;1;1;1;6;144;;M;0.0;0.0;340
200700041018;7;7;11;1845;1;2;6;1;1;114;Ave FOCH - Bd PASTEUR;M;4365700.0;355400.0;340
200700041025;7;7;10;1900;1;2;1;1;3;39;avenue Louis Tudesq;M;4345300.0;365600.0;340
200700041038;7;7;22;1645;1;1;1;1;1;38;;M;4277900.0;213500.0;110
200700041089;7;7;7;2100;1;1;1;1;1;40;;M;4454600.0;383700.0;480
200700041090;7;7;2;1645;1;1;1;1;7;198;;M;4443000.0;394000.0;480
200700041091;7;7;14;1030;1;1;1;1;6;119;;M;4450500.0;391800.0;480
200700041103;7;7;25;1900;1;2;1;1;2;180;;M;0.0;0.0;660
200700041113;7;7;4;2130;2;2;1;1;1;166;intersection CD27 et CD6;M;4253500.0;236300.0;660
200700041119;7;7;23;1100;1;1;1;1;3;124;;M;0.0;0.0;660
200700041161;7;7;21;1915;1;2;1;1;3;290;14 rue de l'Abbé Grouet;M;0.0;0.0;780
200700041166;7;7;15;1100;1;2;1;1;1;160;rue de la porte de paris;M;0.0;0.0;780
200700041187;7;7;11;2015;2;2;3;1;1;635;route de saclay;M;4873700.0;220100.0;910
200700041198;7;7;27;1430;1;2;1;1;1;351;Rue de Strasbourg;M;4905300.0;249600.0;950
200700041204;7;7;19;1740;1;1;1;1;2;534;ameau de NOGENT SUR AVON;M;0.0;0.0;770
200700041214;7;7;31;1430;1;2;1;1;3;261;CD218;M;4824400.0;290300.0;770
200700041240;7;7;11;900;1;1;1;1;2;164;;M;0.0;0.0;450
200700041251;7;7;19;1100;1;2;1;1;6;197;av Jean Giraudoux;M;4672900.0;250700.0;180
200700041253;7;7;29;1900;1;2;2;1;1;57;20 rue de la libération;M;0.0;0.0;180
200700041262;7;7;7;1530;1;1;2;1;3;35;;M;0.0;0.0;280
200700041269;7;7;19;1845;1;2;1;1;3;198;rue du 11 novembre;M;4807800.0;137400.0;280
200700041329;7;7;29;1115;1;1;1;1;1;202;;M;4358200.0;375700.0;340
200700041397;7;7;12;1230;1;1;1;1;7;304;;M;4542300.0;703000.0;730
200700041480;7;7;27;1045;1;1;1;1;3;152;;M;4364800.0;701400.0;60
200700041560;7;7;14;845;1;2;1;1;1;143;RD 938 PK 10+20;M;0.0;0.0;780
200700041577;7;7;30;1715;1;1;1;1;1;496;;M;0.0;0.0;760
200700041588;7;7;11;1650;1;1;6;1;3;169;65, rond point agropolis;M;0.0;0.0;340
200700041610;7;7;14;1245;1;2;1;1;6;53;snr, PONT DES CHEVRES (;;;;10
200700041622;7;7;14;1410;1;2;1;1;3;258;1, FAUBOURG ST FIMRIM;;;;20
200700041635;7;7;20;1840;1;2;6;1;3;23;AUBERGER (AVENUE FERNAND;;;;30
200700041642;7;7;20;1910;1;1;1;1;1;23;NEANT, POET OLLAGNIER (R;;;;50
200700041650;7;7;4;1425;1;2;3;1;3;4;RD6007;;;;60
200700041671;7;7;17;1140;1;2;1;1;2;123;BORD DE MER RN 98;;;;60
200700041696;7;7;13;32;5;1;1;1;5;29;JUIN (AVENUE MARECHAL);;;;60
200700041745;7;7;7;1345;1;2;1;1;7;69;62, MAUPASSANT (AVENUE G;;;;60
200700041793;7;7;2;1040;1;2;3;1;1;88;0, TOESCA (R. PIE-FRANCO;;;;60
200700041822;7;7;9;820;1;2;1;2;1;88;56, MONT-BORON (BD DU) (;;;;60
200700041835;7;7;11;1652;1;2;2;1;6;88;0, ETATS UNIS (QUAI DES);;;;60
200700041858;7;7;16;1540;1;2;1;1;1;88;71, PESSICART (JUSQU'AU;;;;60
200700041868;7;7;18;1450;1;2;1;1;3;88;RD 6202;;;;60
200700041900;7;7;25;2030;1;2;1;1;5;88;0, ANGLAIS PLAGE (DU 114;;;;60
200700041904;7;7;26;1420;1;2;9;1;2;88;0, CORNIGLION MOLINIER (;;;;60
200700041934;7;7;17;355;5;2;5;1;3;105;HOMME PLACE DES DROITS D;;;;80
200700041946;7;7;15;1050;1;2;1;1;6;60;80, GENERAL LECLERC (RUE;;;;100
200700041986;7;7;12;755;1;2;3;1;7;4;0, HONGRIE AVENUE DE;;;;130
200700041988;7;7;13;1635;1;2;6;1;3;4;LAMARTINE PLACE;;;;130
200700041991;7;7;22;920;1;2;1;1;6;4;DOCTEUR JOSEPH IMBERT AV;;;;130
200700042084;7;7;5;825;1;2;1;1;3;55;MICHELET (BOULEVARD);;;;130
200700042191;7;7;13;1350;1;2;6;1;3;55;, MONTREDON (AVENUE DE);;;;130
200700042234;7;7;24;1930;1;2;1;1;6;55;ISOARD (RUE D');;;;130
200700042259;7;7;19;715;1;1;1;1;3;77;D 50;;;;130
200700042261;7;7;20;1340;1;2;3;1;1;77;VELLA PAUL (rue);;;;130
200700042304;7;7;24;1650;1;2;1;1;6;137;0, AVENIR (RUE DE L');;;;140
200700042306;7;7;25;1215;1;2;3;1;2;118;0, AUTHIE (<=N°106 PAIRS;;;;140
200700042309;7;7;5;1455;1;1;2;1;3;487;R.D 579;;;;140
200700042322;7;7;7;2005;1;2;3;1;3;299;172990068, BUISSON BOULE;;;;170
200700042335;7;7;4;1150;1;2;2;1;3;300;RAMBAUD   RUE;;;;170
200700042339;7;7;9;1240;1;2;1;1;3;300;15, GABARET   RUE ANDRE;;;;170
200700042342;7;7;13;1625;1;2;1;1;3;300;CREPEAU   AVENUE MICHEL;;;;170
200700042348;7;7;19;850;1;2;1;1;7;300;CHEF DE BAIE   RUE;;;;170
200700042354;7;7;24;1744;1;2;1;1;2;300;25, VALIN   QUAI;;;;170
200700042355;7;7;25;1210;1;2;1;1;7;300;89, LACROIX   RUE MARIUS;;;;170
200700042367;7;7;5;856;1;2;1;1;6;461;0, SOURCE (CHEMIN DE LA);;;;170
200700042379;7;7;31;1200;1;2;1;1;7;380;0, TREZ LA CHASSE (AVENU;;;;170
200700042385;7;7;13;2050;1;2;1;1;6;415;16, LAMOTHE RUE DE;;;;170
200700042386;7;7;16;825;1;2;1;1;3;415;141, DOUMER ROCADE COTE;;;;170
200700042395;7;7;11;1430;1;2;1;1;1;205;sans, PRES LE ROI (AVENU;;;;180
200700042398;7;7;18;1350;1;2;5;1;3;33;SANS, AVENIR (BOULEVARD;;;;180
200700042419;7;7;13;915;1;2;2;1;6;54;TEMPLIERS (RUE DES);;;;210
200700042421;7;7;26;2200;5;2;1;1;6;54;5, GIGNY (ROUTE DE);;;;210
200700042433;7;7;12;1625;1;2;2;1;3;231;46, GENERAL FAUCONNET (D;;;;210
200700042435;7;7;13;852;1;2;4;1;6;231;CHARLES OURSEL (RUE);;;;210
200700042482;7;7;26;2050;1;2;1;1;6;138;25,  FARGES (RUE YVES);;;;240
200700042519;7;7;19;1620;1;2;1;1;6;388;29, BELFORT (RUE DE);;;;250
200700042529;7;7;7;1810;1;2;1;1;3;362;sans n, KENNEDY BD JOHN;;;;260
200700042530;7;7;17;905;1;2;1;1;3;58;n2, SAINT MARC AVENUE JE;;;;260
200700042541;7;7;6;2115;2;2;1;1;3;229;20, CHARTRAINE (RUE);;;;270
200700042550;7;7;23;1615;1;2;2;1;3;375;0, CITADELLE (RUE DE LA);;;;270
200700042555;7;7;10;1355;1;2;1;1;6;681;VIROLET (RUE DU);;;;270
200700042558;7;7;14;1940;1;2;3;1;6;681;PARIS (AVENUE DE);;;;270
200700042609;7;7;2;1742;1;2;1;1;6;189;., PERRIER GENERAL (RUE);;;;300
200700042610;7;7;2;1741;1;2;1;1;3;189;1184, MARECHAL JUIN (BOU;M;4381922.0;434353.0;300
200700042636;7;7;18;844;1;2;6;1;3;189;NATIONS UNIES;M;4382976.0;435770.0;300
200700042642;7;7;24;1148;1;2;3;1;6;189;..., SAUVE (ROUTE);;;;300
200700042651;7;7;30;1736;1;2;2;1;3;189;..., TOUR DE L'EVEQUE (R;M;4382662.0;436617.0;300
200700042655;7;7;13;1730;1;2;1;1;3;351;15, MISTRAL BOULEVARD FR;;;;300
200700042675;7;7;5;755;1;2;1;1;1;555;999, BD DE LA MARQUETTE;;;;310
200700042676;7;7;4;1040;1;2;1;1;6;555;2, RUE MATABIAU;;;;310
200700042677;7;7;4;1825;1;2;3;1;3;555;999, RUE BETEILLE;;;;310
200700042688;7;7;7;1950;1;2;1;1;6;555;224, AV DE LARDENNE;;;;310
200700042697;7;7;12;750;1;2;1;1;3;555;999, CHE DU RAMELET MOUN;;;;310
200700042711;7;7;18;1555;1;2;1;1;3;555;96, AV DES MINIMES;;;;310
200700042733;7;7;26;1355;1;2;1;1;6;555;7, RUE GAZAN;;;;310
200700042738;7;7;28;2210;5;2;1;1;6;555;31, CHE DU SEMINAIRE;;;;310
200700042757;7;7;19;1520;1;2;1;1;3;9;175, PLAGE (BD DE LA) DU;;;;330
200700042782;7;7;6;1720;1;2;2;1;3;63;RUE FRANCOIS DE SOURDIS;;;;330
200700042798;7;7;11;1745;1;2;1;1;3;63;AVE DE NONTRASTE;;;;330
200700042801;7;7;13;915;1;2;3;1;3;281;AVE DE LOGNAC;;;;330
200700042804;7;7;14;2310;5;2;1;8;6;63;QUAI DES CHARTRONS;;;;330
200700042805;7;7;14;2345;5;2;1;1;6;63;PONT DE PIERRE;;;;330
200700042812;7;7;17;1120;1;2;1;1;1;63;37, CRS VICTOR HUGO;;;;330
200700042814;7;7;18;1305;1;2;1;1;2;63;RUE GENERAL DE LARMINAT;;;;330
200700042827;7;7;19;1455;1;2;3;1;3;63;CRS D'ALBRET;;;;330
200700042830;7;7;17;1835;1;2;2;1;3;281;AVE DU TRUC;;;;330
200700042831;7;7;20;1935;1;2;2;1;2;63;RUE JULES FERRY CAUD;;;;330
200700042836;7;7;20;2230;5;2;1;1;1;63;72, CRS DE L'YSER;;;;330
200700042837;7;7;23;1225;1;2;1;3;3;63;ALL DE BRISTOL;;;;330
200700042843;7;7;10;835;1;2;2;1;3;281;AVE DE L'YSER;;;;330
200700042844;7;7;25;1030;1;2;2;1;3;63;RUE GEORGES BONNAC;;;;330
200700042856;7;7;30;1730;1;2;1;1;3;63;98, BD MARECHAL LECLERC;;;;330
200700042861;7;7;24;815;1;2;1;1;6;281;28, RUE FUSTEL DE COULAN;;;;330
200700042863;7;7;14;1920;1;2;1;1;3;243;48, ROUDET(AVENUE DE LA);;;;330
200700042868;7;7;8;2324;3;1;3;1;3;3;sans N°, NOTRE-DAME A ST;;;;340
200700042909;7;7;2;540;5;2;1;2;6;172;298, TRUEL (RUE DU);;;;340
200700042928;7;7;18;1340;1;1;1;7;2;129;sans, PALAVAS D986 (ROUT;;;;340
200700042932;7;7;19;1220;1;1;6;1;3;172;sans, RIEUCOULON (ROND-P;;;;340
200700042934;7;7;24;1145;1;2;2;1;3;172;sans, VANIERES (AVENUE D;;;;340
200700042943;7;7;29;1900;1;1;2;1;7;129;sans, SORIECH (CHEMIN DE;;;;340
200700042945;7;7;5;950;1;1;3;1;3;301;aucun, AQUATECHNIQUE (PA;;;;340
200700042946;7;7;10;900;1;2;1;1;3;108;140, INGRIL (AVENUE D');;;;340
200700042954;7;7;6;1430;1;2;1;1;6;238;18, PAINLEVE (BD PAUL);;;;350
200700042955;7;7;6;1705;1;2;1;1;6;238;00, BOUZAT (DOYEN ALBERT;;;;350
200700042958;7;7;13;840;1;2;2;1;3;238;00, SAINT-HELIER;;;;350
200700042963;7;7;21;1140;1;2;1;2;7;55;BONNIN ANDRE (AVENUE);;;;350
200700042970;7;7;24;1640;1;2;6;1;6;238;00, MONTS D'ARREE (AVENU;;;;350
200700042971;7;7;24;1740;1;2;3;1;1;238;0, PARIS (RUE DE);;;;350
200700042983;7;7;1;1808;1;2;7;1;3;44;CHRISTOPHE (PL ST);;;;360
200700042989;7;7;5;2245;5;2;1;1;7;63;GENERAL DE GAULLE (AV DU;;;;360
200700042990;7;7;8;1915;1;2;1;1;6;44;MONTAIGNE;;;;360
200700042998;7;7;30;1228;1;2;3;1;1;44;1, BRANLY (ALL EDOUARD);;;;360
200700043002;7;7;5;2115;1;2;2;8;6;261;BRABANT (RUE DE);;;;370
200700043006;7;7;10;710;1;2;1;2;3;233;GRANGE QUILLET (RUE DE L;;;;370
200700043008;7;7;11;1220;1;2;2;1;3;261;FRANCE (PLACE ANATOLE);;;;370
200700043010;7;7;19;1730;1;2;1;1;3;233;86, LENINE (AVENUE);;;;370
200700043012;7;7;25;745;1;2;6;1;3;261;BORDIERS (RUE DES);;;;370
200700043022;7;7;4;1650;1;2;4;1;6;185;0, MARAIS (CHEMIN DU);;;;380
200700043027;7;7;9;850;1;2;1;1;3;185;STALINGRAD (RUE DE);;;;380
200700043028;7;7;9;1400;1;2;1;1;6;185;0, GARE (PLACE DE LA);;;;380
200700043032;7;7;12;1500;1;2;1;1;6;151;73, JAURES        (COURS;;;;380
200700043040;7;7;19;1530;1;2;2;1;3;185;COLONEL DENFERT ROCHEREA;;;;380
200700043041;7;7;20;1100;1;2;2;1;1;185;PIERRE ET MARIE CURIE (R;;;;380
200700043070;7;7;8;1235;1;2;1;1;2;18;01, D 956;;;;410
200700043090;7;7;3;1020;1;2;1;2;3;71;81, LIBERATION (AVENUE D;;;;420
200700043093;7;7;4;1610;1;1;1;1;3;127;DE GAULLE (AVENUE CHARLE;;;;420
200700043106;7;7;20;1530;1;2;1;1;3;187;20, LIBERTE ( BOULEVARD;;;;420
200700043107;7;7;22;1855;1;2;3;1;3;184;1479, FOCH MARECHAL (RUE;;;;420
200700043109;7;7;23;1530;1;2;3;1;1;184;01, BURELLIER ANTOINE (R;;;;420
200700043119;7;7;9;1600;1;2;1;1;2;218;32, VILLARS (DE);;;;420
200700043126;7;7;20;720;1;2;1;1;6;218;171, ALLIES A PARTIR N°;;;;420
200700043132;7;7;19;1550;1;2;1;1;6;157;ST-JEAN (RUE DU FG) (1-5;;;;430
200700043135;7;7;4;1700;1;2;1;1;7;135;ATLANTIQUE ( BOULEVARD D;;;;440
200700043139;7;7;9;1740;1;2;1;1;3;132;GAULLE (AVENUE DU GÉNÉRA;;;;440
200700043143;7;7;15;1109;1;2;1;1;2;55;DARLU ( BOULEVARD );;;;440
200700043149;7;7;24;2115;2;2;1;1;6;132;25, OCEANIDES (BOULEVARD;;;;440
200700043157;7;7;4;955;1;2;9;1;3;109;QUAI ANDRE MORICE;;;;440
200700043166;7;7;12;1725;1;2;2;1;3;109;1, RUE DE STRASBOURG;;;;440
200700043176;7;7;17;620;1;2;6;1;3;109;00, ROUTE DE LA CHAPELLE;;;;440
200700043183;7;7;19;1025;1;2;2;1;3;109;BD MARTYRS N. DE LA RESI;;;;440
200700043185;7;7;19;1820;1;2;3;1;3;109;1, RUE MARECHAL JOFFRE;;;;440
200700043186;7;7;16;2030;1;2;1;1;2;109;., ROND-POINT ABEL DURAN;;;;440
200700043195;7;7;6;1730;1;2;1;1;3;184;RN 171 (DU PONT SNCF A É;;;;440
200700043197;7;7;11;1630;1;2;2;1;3;184;COMMANDO (AVENUE DU);;;;440
200700043224;7;7;14;1145;1;2;1;1;3;232;BOURGES (RUE DE);;;;450
200700043256;7;7;4;1611;1;2;1;1;7;7;0, POISSONNERIE;;;;490
200700043271;7;7;17;1720;1;2;1;1;6;7;6, CORNET;;;;490
200700043277;7;7;22;859;1;2;1;1;7;7;0, MUSSES CHEMIN;;;;490
200700043282;7;7;26;1558;1;2;2;1;6;7;77, BRESSIGNY;;;;490
200700043287;7;7;29;1945;1;2;1;1;6;7;0, BANCHAIS PASSAGE ET R;;;;490
200700043298;7;7;12;1750;1;1;1;1;3;328;SANS, ROMANS (RUE DES);;;;490
200700043307;7;7;16;1710;1;2;2;1;3;129;VAL DE SAIRE (RUE DU);;;;500
200700043326;7;7;14;1950;1;2;1;1;3;454;55, PARIS (AVENUE DE) N°;;;;510
200700043363;7;7;16;1040;1;1;1;1;2;197;CHEMIN DE HALAGE;;;;540
200700043369;7;7;25;825;1;2;1;1;3;304;76 Bis, POINCARE (RUE RA;;;;540
200700043380;7;7;31;1520;1;2;1;1;6;395;2, SAINT JEAN (RUE);;;;540
200700043398;7;7;4;1815;1;2;1;1;7;121;KERGROISE ( AVE DE );;;;560
200700043407;7;7;6;1454;1;1;1;1;7;162;., KERLAVRET;;;;560
200700043410;7;7;13;1808;1;2;1;1;7;162;72, CHASSEURS (RUE DES);;;;560
200700043412;7;7;15;1556;1;2;1;1;7;162;., STE ANNE;;;;560
200700043421;7;7;10;1845;1;2;1;1;1;260;48, BRISE(RUE DE LA);;;;560
200700043429;7;7;30;542;3;1;1;1;2;227;CD32B;;;;570
200700043435;7;7;1;1310;1;2;1;1;3;463;00, ALOUETTE (RUE DE L');;;;570
200700043444;7;7;13;2230;5;2;1;1;6;480;20, MARC SEGUIN (RUE );;;;570
200700043457;7;7;2;1515;1;2;1;1;3;221;72, SAINTE-AGATHE (RUE);;;;570
200700043469;7;7;18;1510;1;2;2;1;6;12;1, PROMENADE (CHEMIN DE;;;;570
200700043493;7;7;12;1610;1;2;1;1;6;17;66, CARNOT (RUE SADI );;;;590
200700043502;7;7;16;1745;1;2;2;3;3;616;GOSSET (RUE CONSTANT );;;;590
200700043511;7;7;9;1;5;2;1;1;2;183;0.0000, MER - AVENUE;;;;590
200700043513;7;7;16;1745;1;2;1;3;2;271;0.000, LA HAYE;;;;590
200700043520;7;7;10;1710;1;1;1;1;2;249;001, ANOR (RUE D' );;;;590
200700043527;7;7;3;2000;1;2;3;1;6;350;64, ABELARD RUE;;;;590
200700043530;7;7;4;1645;1;2;1;1;3;360;001, AVINEE EUGENE AVENU;;;;590
200700043532;7;7;5;950;1;2;2;1;3;350;HUGO VICTOR  BVD N°IMPAI;;;;590
200700043540;7;7;8;1258;1;2;1;1;6;350;135, ARBRISSEAU RUE DE L;;;;590