Num_Acc;an;mois;jour;hrmn;lum;agg;int;atm;col;com;adr;gps;lat;long;dep
200700052358;7;8;30;1430;1;2;1;1;7;120;93, RUE PELLEPORT;;;;750
200700052366;7;8;8;555;5;2;5;3;3;110;84, BOULEVARD DE MAGENTA;;;;750
200700052368;7;8;9;1750;1;2;1;1;6;112;ROUTE DAUPHINE;;;;750
200700052373;7;8;13;1920;1;2;1;1;2;111;42, BOULEVARD RICHARD LE;;;;750
200700052496;7;8;11;1020;1;2;6;1;2;225;MARCHE AUX CHEVAUX (PLAC;;;;140
200700052497;7;7;20;1255;1;2;1;8;3;205;13, MOULON (RUE DU);;;;180
200700052500;7;3;2;1810;1;2;1;1;3;149;999, PIBRAC (ROUTE DE);;;;310
200700052513;7;8;14;825;1;2;3;1;6;555;36, AV DES MINIMES;;;;310
200700052516;7;7;10;915;1;2;2;1;6;606;103, PARIS (RUE DE);;;;590
200700052519;7;6;4;1715;1;2;5;1;3;126;HUIT MAI 1945 ( CARREFOU;;;;830
200700052524;7;6;12;1940;1;2;1;1;3;153;0, MARIE FLICHE BERGIS (;;;;830
200700052533;7;8;19;715;1;2;1;2;6;70;REPUBLIQUE (PL DE LA);;;;930
200700052616;7;9;16;1045;1;2;1;8;1;466;;M;5052600.0;311400.0;590
200700052640;7;9;2;1200;1;2;1;1;3;157;Route nationale;M;5025000.0;415300.0;590
200700052641;7;9;22;1430;1;2;1;1;1;121;rue de frémicourt;M;5013300.0;287600.0;620
200700052679;7;9;8;1030;1;2;1;1;1;96;Grande rue rue de Gamach;M;0.0;0.0;800
200700052680;7;9;22;1730;1;2;1;1;1;373;rue du 11 novembre cd22;M;0.0;0.0;800
200700052681;7;9;20;1730;1;1;1;1;2;149;;M;0.0;0.0;800
200700052754;7;9;16;1115;1;1;1;1;1;139;;M;0.0;0.0;600
200700052785;7;9;8;1030;1;1;2;1;3;65;;M;0.0;0.0;760
200700052822;7;9;22;1500;1;1;1;1;2;66;;M;0.0;0.0;350
200700052837;7;9;11;1500;2;2;6;1;3;360;Bd d'Helmstedt;M;0.0;0.0;350
200700052847;7;9;19;1615;1;1;1;1;3;222;;M;0.0;0.0;220
200700052897;7;9;22;1100;1;1;1;1;3;113;;M;4805900.0;-321300.0;560
200700052922;7;9;29;1600;1;2;1;1;1;639;rue de la baissinière;M;4884000.0;-123000.0;500
200700052937;7;9;3;1900;2;1;1;7;1;582;;M;4873000.0;-90100.0;500
200700052941;7;9;22;1615;1;1;3;1;3;415;;M;0.0;0.0;610
200700052979;7;9;23;830;1;1;9;1;1;208;;M;0.0;0.0;440
200700053038;7;9;7;1600;1;2;1;1;1;132;RUE DE PARIS;M;4819100.0;65800.0;720
200700053095;7;9;24;1800;1;2;1;1;1;146;;M;4511900.0;-73400.0;330
200700053098;7;9;7;1000;1;2;1;8;5;243;Route départementale 243;M;0.0;0.0;330
200700053121;7;9;14;715;2;2;1;9;1;283;Avenue des Platanes;M;4375900.0;-98100.0;400
200700053122;7;9;4;1030;1;2;1;1;5;75;rue du pont neuf;M;4388700.0;-114800.0;400
200700053189;7;9;20;1815;1;1;1;1;2;403;;M;0.0;0.0;170
200700053193;7;9;11;1145;1;2;6;1;1;299;Rond point Vauban;M;4593400.0;-96500.0;170
200700053202;7;9;2;845;1;1;1;7;2;292;;M;0.0;0.0;170
200700053217;7;9;4;1845;1;1;1;1;1;75;;M;4666300.0;-60000.0;790
200700053272;7;9;15;1615;1;1;1;1;1;225;;M;0.0;0.0;90
200700053331;7;9;16;2045;3;1;1;1;1;289;;M;0.0;0.0;810
200700053336;7;9;20;1015;1;1;1;1;6;87;;M;4412900.0;130800.0;820
200700053369;7;9;13;1200;1;1;1;1;7;249;;M;0.0;0.0;690
200700053371;7;9;13;1900;1;1;1;1;6;28;;M;0.0;0.0;690
200700053380;7;9;15;1045;1;2;1;1;2;105;Grand rue;M;0.0;0.0;690
200700053431;7;9;6;1700;1;2;1;1;7;42;AVENUE DU MARECHAL JUIN;M;0.0;0.0;70
200700053439;7;9;3;645;2;1;1;1;2;144;;M;4475100.0;488800.0;260
200700053454;7;9;25;2100;5;1;1;2;1;422;;M;0.0;0.0;380
200700053456;7;9;22;1400;1;2;1;1;3;158;av jean jaurès;M;0.0;0.0;380
200700053465;7;9;28;1230;1;2;1;2;2;565;Rue de la gare;M;4529600.0;563100.0;380
200700053496;7;9;28;1930;2;2;1;1;1;537;rue du stade;M;0.0;0.0;380
200700053500;7;9;16;1815;1;2;1;1;5;304;la devala;M;4553700.0;417900.0;420
200700053508;7;9;10;1715;1;1;1;1;3;323;;M;4556100.0;432400.0;420
200700053516;7;9;13;800;1;1;1;1;1;50;;M;4566700.0;585000.0;730
200700053537;7;9;6;900;1;2;3;1;2;35;RD 240;M;4582500.0;593600.0;740
200700053538;7;9;7;1200;1;2;1;1;6;165;Les Echottiers;M;4583600.0;598000.0;740
200700053546;7;9;15;1415;1;1;1;1;7;102;;M;0.0;0.0;740
200700053549;7;9;14;1845;1;2;1;1;1;215;RD1212;M;0.0;0.0;740
200700053550;7;9;15;1430;1;2;1;1;1;236;RUE DU STADE;M;0.0;0.0;740
200700053558;7;9;4;1150;1;2;1;1;1;21;route de pont notre dame;M;4616400.0;626200.0;740
200700053599;7;9;9;1445;1;1;1;1;3;195;;M;4585800.0;339300.0;630
200700053612;7;9;16;1130;1;1;1;1;7;238;;M;4496100.0;377200.0;430
200700053615;7;9;26;1515;1;1;3;1;3;230;;M;0.0;0.0;430
200700053626;7;9;11;1000;1;1;1;1;7;12;;M;0.0;0.0;430
200700053703;7;9;20;1630;1;2;6;1;6;516;rue de verdun;M;0.0;0.0;880
200700053705;7;9;9;1745;1;1;1;1;3;284;;M;4823100.0;697400.0;880
200700053710;7;9;30;1815;1;2;1;1;2;268;rue de la Gare;M;4849500.0;767400.0;670
200700053717;7;9;7;1730;1;2;1;1;3;52;rue monseigneur BARTH;M;4848200.0;744200.0;670
200700053767;7;9;23;1430;1;1;1;1;1;170;;M;0.0;0.0;680
200700053776;7;9;1;2215;5;2;3;1;3;250;rue Georges Tangre;M;4931200.0;368100.0;510
200700053805;7;9;8;1600;1;1;1;1;1;30;;M;0.0;0.0;100
200700053828;7;9;30;1145;1;2;1;1;3;390;rue des vignes;M;4727200.0;498600.0;210
200700053855;7;9;8;1730;1;2;1;1;4;543;Avenue des alpes;M;4656700.0;491800.0;710
200700053862;7;9;22;1315;1;1;1;1;1;120;;M;4619900.0;435200.0;710
200700053867;7;9;20;1645;1;2;1;1;3;357;Bas de pourlans;M;0.0;0.0;710
200700053876;7;9;10;1500;1;1;1;1;1;21;;M;0.0;0.0;890
200700053891;7;9;5;1830;1;2;1;1;1;527;4 rue d'Ougney;M;0.0;0.0;250
200700053949;7;9;14;645;2;1;1;1;2;76;;M;0.0;0.0;130
200700053952;7;9;6;1830;1;2;1;1;3;41;lieu dit les bachaires;M;0.0;0.0;40
200700053953;7;9;8;930;1;2;6;1;3;108;Rd point de MALIJAI;M;0.0;0.0;40
200700053962;7;9;29;1600;1;2;1;2;3;49;Av du Général de Gaulle;M;0.0;0.0;40
200700054030;7;9;11;1130;1;1;1;1;5;46;;M;4352000.0;616200.0;830
200700054063;7;9;6;845;1;1;1;1;1;14;;M;0.0;0.0;840
200700054104;7;9;12;1615;1;2;3;1;3;142;BOULEVARD MONTALANGUE;M;0.0;0.0;340
200700054130;7;9;18;1900;1;1;1;1;6;3;;M;4358200.0;418900.0;300
200700054169;7;9;2;645;2;1;1;1;2;37;;M;0.0;0.0;660
200700054170;7;9;6;945;1;2;1;7;3;37;rue de la CLose;M;0.0;0.0;660
200700054174;7;9;19;1245;1;2;1;1;3;164;avenue Louis Blanc;M;4277000.0;287000.0;660
200700054187;7;9;21;1800;1;2;1;1;1;345;CD 4 - Village de VERO;M;4206600.0;893400.0;201
200700054193;7;9;7;1730;1;1;1;1;6;254;;M;4184300.0;930900.0;201
200700054212;7;9;29;1315;1;1;1;9;5;30;;M;0.0;0.0;780
200700054228;7;9;20;1515;1;2;1;1;5;115;Route d'Arpajon;M;4859700.0;220000.0;910
200700054267;7;9;21;1845;1;2;3;1;1;126;rue adrienne bollande;M;4792000.0;210100.0;450
200700054272;7;9;5;1715;1;2;1;1;1;167;;M;4789600.0;170600.0;450
200700054279;7;9;4;1200;1;1;1;6;5;276;;M;4764300.0;271600.0;450
200700054296;7;9;20;1400;1;2;6;1;1;11;LA MARINE;M;4756900.0;245300.0;180
200700054299;7;9;1;1800;1;1;1;1;3;51;;M;4735500.0;258600.0;180
200700054307;7;9;21;1630;1;2;1;1;2;140;;M;0.0;0.0;280
200700054338;7;9;30;1215;1;1;1;1;3;118;;M;4724300.0;24800.0;370
200700054360;7;9;8;1300;1;1;1;1;2;33;;M;4337700.0;518600.0;130
200700054374;7;9;16;1230;1;1;6;1;2;202;;M;0.0;0.0;110
200700054378;7;9;20;1930;2;1;1;1;2;123;;M;4363400.0;377500.0;340
200700054385;7;9;24;1130;1;1;1;1;2;660;;M;4934900.0;421800.0;510
200700054453;7;9;8;1630;1;2;1;1;1;506;1 RUE DU PARTENAIS;M;0.0;0.0;310
200700054475;7;9;7;1445;1;2;1;1;1;528;Rue pasteur;M;5021100.0;341800.0;590
200700054477;7;9;9;1100;1;1;1;1;1;577;;M;4859600.0;250600.0;910
200700054486;7;9;8;800;1;1;1;1;2;189;;M;4889000.0;189000.0;780
200700054535;7;9;20;1030;1;1;1;7;3;296;;M;0.0;0.0;670
200700054546;7;9;15;1045;1;1;1;1;2;50;;M;4365400.0;525500.0;130
200700054597;7;9;15;2045;3;2;1;1;6;77;Piste cyclable;M;0.0;0.0;340
200700054610;7;7;13;900;1;2;1;1;1;227;BLD  SALVADOR ALLENDE;M;4455900.0;-24400.0;330
200700054615;7;9;12;1700;1;2;1;1;3;53;63, BROU ( BD N°65 B A F;;;;10
200700054620;7;9;1;2158;5;2;1;1;6;340;100, SEMARD (RUE PIERRE);;;;20
200700054624;7;9;15;1920;1;2;1;1;6;691;:, HUGO DE 1 A 70 (BD VI;;;;20
200700054647;7;9;4;720;1;2;1;1;3;95;51, INDUSTRIE (RUE DE L';;;;30
200700054668;7;9;1;1057;1;2;1;1;3;61;CARNOT  ( RUE );;;;50
200700054675;7;9;16;1040;1;2;1;1;2;4;55, CANNES(RN.7) AV.DE;;;;60
200700054677;7;9;19;1625;1;2;6;1;2;4;EUCALYPTUS AV.ET CH.DES;;;;60
200700054679;7;9;18;950;1;2;1;1;2;4;859, NICE(RN.7) AV.ET RT;;;;60
200700054718;7;9;14;1530;1;2;1;1;3;29;BACHAGA SAID BOUALAM (AV;;;;60
200700054723;7;9;14;1745;1;2;1;1;3;29;MIDI (BOULEVARD DU);;;;60
200700054754;7;9;9;1235;1;2;1;1;2;69;x, Rd point des Quatre C;;;;60
200700054766;7;9;19;1203;1;2;1;1;1;69;x, DUVAL (AVENUE MATHIAS;;;;60
200700054793;7;9;2;1030;1;2;2;1;3;88;0, ARSON (RUE);;;;60
200700054799;7;9;3;1700;1;2;1;1;6;88;7, ANGLAIS PLAGE (N°1 AU;;;;60
200700054824;7;9;8;1435;1;2;1;1;3;88;0, CARABACEL (BD);;;;60
200700054838;7;9;12;1050;1;2;1;1;2;88;11 bis, DUBOUCHAGE (BD);;;;60
200700054843;7;9;13;750;1;2;1;1;3;88;0, FABRON (AV. DE) (A PA;;;;60
200700054910;7;9;26;830;1;2;1;1;6;88;34, ARSON (RUE);;;;60
200700054920;7;9;28;1430;1;2;1;1;1;159;2, SUEDE (BOULEVARD DE);;;;60
200700054952;7;9;24;1315;1;2;1;1;3;409;MARNE (AVENUE DE LA);;;;80
200700054953;7;9;17;1420;1;2;1;8;6;409;LECLERC (AVENUE DU MAREC;;;;80
200700054959;7;9;13;1835;1;2;3;1;3;387;JULES LEBOCEY (RUE);;;;100
200700054966;7;9;24;650;2;2;2;1;2;387;MARECHAL DE LATTRE DE TA;;;;100
200700054979;7;9;23;1040;1;2;1;1;6;145;GUYENNE (AVENUE DE);;;;120
200700054983;7;9;12;1307;1;1;1;1;3;1;425, GARDANNE (ROUTE DE;;;;130
200700054992;7;9;11;1908;1;2;9;1;3;1;MALACRIDA HENRI (AV);;;;130
200700054995;7;9;21;1430;1;2;1;1;3;1;MIRABEAU (COURS);;;;130
200700054997;7;9;22;1230;1;2;6;1;3;1;JUVENAL MAX (AV);;;;130
200700055000;7;9;7;835;1;2;1;6;6;4;1, DE LATTRE DE TASSIGNY;;;;130
200700055002;7;9;19;1615;1;2;1;1;7;4;59, V.C.N42 DITE CHEMIN;;;;130
200700055050;7;9;4;1210;1;2;1;1;2;55;12, PERAS (RUE DU);;;;130
200700055073;7;9;2;930;1;2;1;1;6;55;CATALANS (RUE DES);;;;130
200700055124;7;9;25;1405;1;2;3;1;3;55;LOUIS REGE (RUE);;;;130
200700055146;7;9;1;1620;1;2;2;1;3;55;BAILLE (BOULEVARD);;;;130
200700055182;7;9;22;1245;1;2;1;1;6;55;141, BOISSON (BOULEVARD);;;;130
200700055200;7;9;24;1900;1;2;2;1;3;55;CENTRAL (BOULEVARD);;;;130
200700055210;7;9;14;1250;1;2;6;1;3;55;MAZARGUES (ROND-POINT);;;;130
200700055235;7;9;20;1200;1;2;3;1;3;55;MILLIERE (BOULEVARD DE L;;;;130
200700055262;7;9;27;1915;2;2;1;1;2;55;20, SOUDE (AVENUE DE LA);;;;130
200700055295;7;9;24;1430;1;2;6;1;3;56;CHAT NOIR (Rond-point du;;;;130
200700055313;7;9;2;1030;1;2;1;1;7;383;THURY HARCOURT (ROUTE DE;;;;140
200700055318;7;9;15;1640;1;2;1;1;7;118;0, VENDEUVRE (QUAI);;;;140
200700055342;7;9;17;1700;1;2;1;1;7;299;172990299, PONTY AVENUE;;;;170
200700055345;7;9;20;1535;1;2;1;1;6;299;172990166, GAMBETTA RUE;;;;170
200700055355;7;9;6;810;1;2;1;1;3;300;NORMANDIN   RUE EMILE;;;;170
200700055357;7;9;6;1830;1;2;1;1;6;300;14, CORSAIRES   AVENUE D;;;;170
200700055366;7;9;13;1610;1;2;1;1;6;300;12, OEILLETS   RUE DES;;;;170
200700055378;7;9;21;1045;1;2;1;1;2;300;SOLE   RUE DE LA;;;;170
200700055379;7;9;21;1726;1;2;1;1;6;300;001, GEORGETTE   QUAI DE;;;;170
200700055385;7;9;24;1705;1;2;1;1;3;300;2, DAUPHINE   AVENUE DE;;;;170
200700055398;7;9;8;1620;1;2;3;1;3;28;VERDUN   RUE DE;;;;170
200700055451;7;9;25;1710;1;2;1;1;6;54;2, FERRY (BOULEVARD JULE;;;;210
200700055454;7;9;4;1915;1;2;2;1;3;231;VERRIERS (DES) (RUE);;;;210
200700055456;7;9;5;1425;1;2;1;1;2;231;5, SAMBIN (RUE);;;;210
200700055459;7;9;8;1730;1;2;1;1;6;231;41, PARC (DU) (COURS);;;;210
200700055496;7;9;4;1350;1;1;1;1;7;215;0, GRANDE METAIRIE (RUE;;;;220
200700055498;7;9;8;1715;1;2;6;1;6;278;0, ABERYSTWYTH (RD-PT);;;;220
200700055499;7;9;9;1110;1;2;1;1;3;278;0, PROUST (MARCEL);;;;220
200700055510;7;9;24;1725;1;2;2;1;3;278;29, NORMANDIE (DE);;;;220
200700055519;7;9;3;925;1;2;3;1;3;37;ENTREPOT (BOULEVARD DE L;;;;240
200700055521;7;9;12;953;1;2;2;1;3;37;LECONTE DE L'ISLE (RUE);;;;240
200700055535;7;9;20;1743;1;2;2;1;6;322;FORQUENOT (RUE);;;;240
200700055537;7;9;1;1300;1;2;6;1;1;56;1, MAROT RUE CLEMENT;;;;250
200700055545;7;9;10;1704;1;2;4;1;3;56;SANS, FAURE AVENUE EDGAR;;;;250
200700055554;7;9;21;1815;1;2;2;1;3;56;VALERY RUE PAUL;;;;250
200700055556;7;9;21;755;1;2;1;1;3;56;1, MONTRAPON AVENUE DE;;;;250
200700055557;7;9;21;2032;5;2;1;1;3;56;SANS, FORT DE BREGILLE C;;;;250
200700055574;7;9;19;1605;1;1;1;1;6;57;RD 538;;;;260
200700055578;7;9;25;1555;1;2;1;1;6;281;BERTHELOT (AVENUE);;;;260
200700055581;7;9;8;720;1;2;3;1;7;362;SANS N, CHABEUIL AVENUE;;;;260
200700055582;7;9;5;1020;1;2;1;1;7;362;n108, ALPES RUE DES;;;;260
200700055593;7;9;11;1740;1;2;1;1;1;229;44, JOSEPHINE (RUE);;;;270
200700055602;7;9;25;1810;1;2;1;8;2;701;LOUVIERS (ROUTE DE) BLAN;;;;270
200700055606;7;9;28;1625;1;2;2;2;3;701;0, PARC (CH. DU) FALAISE;;;;270
200700055654;7;9;19;1730;1;2;6;1;6;151;CARRADEC (PLACE JEAN MIC;;;;290
200700055658;7;9;1;940;1;2;1;1;3;7;CASSIN (RUE RENE);;;;300
200700055671;7;9;4;708;2;2;3;1;3;189;...., SAUVE (ROUTE);M;4383738.0;432917.0;300
200700055684;7;9;11;1445;1;2;1;1;6;189;..., HUGO VICTOR (BOULEV;M;4385513.0;435844.0;300
200700055699;7;9;30;1941;5;2;2;1;3;189;..., LAZARE BERNARD (RUE;M;4338380.0;435178.0;300
200700055705;7;9;19;1018;1;2;1;1;6;69;12, PLAN DU PORT (LE);;;;310
200700055710;7;9;24;1645;1;2;3;1;3;149;999, VOSGES (ALLEE DES);;;;310
200700055711;7;9;20;1045;1;2;6;1;3;149;BOULEVARD EMILE CALVET;;;;310
200700055715;7;9;3;1250;1;2;3;1;7;344;D 21, VERDUN (RUE DE);;;;310
200700055728;7;9;5;725;1;2;1;1;6;555;999, CHE DE LA LOGE;;;;310
200700055738;7;9;6;1827;1;2;3;1;3;555;999, BD DES RECOLLETS;;;;310
200700055742;7;9;7;1730;1;2;6;1;3;555;04, BOULINGRIN;;;;310
200700055745;7;9;8;1853;1;2;1;1;6;555;999, AV DE GRANDE BRETAG;;;;310
200700055774;7;9;16;1905;1;2;1;1;6;555;XXX, RUE SAINT ROME;;;;310
200700055787;7;9;19;1345;1;2;1;1;3;555;RTE DE LAUNAGUET;;;;310
200700055789;7;9;19;1855;1;2;1;1;3;555;117, AV DES MINIMES;;;;310
200700055816;7;9;25;820;1;2;6;1;6;555;999, ROND POINT JUSTIN B;;;;310
200700055832;7;9;8;1130;1;2;1;1;3;557;45, PANEGANS (CH DE);;;;310
200700055848;7;9;1;2130;5;2;2;1;4;63;CRS PORTAL;;;;330
200700055852;7;9;2;1500;1;2;2;1;3;63;RUE JUDAIQUE;;;;330
200700055883;7;9;5;1600;1;2;1;1;2;39;183, CRS VICTOR HUGO;;;;330
200700055888;7;9;11;1436;1;2;1;1;3;63;RUE LUCIEN FAURE;;;;330
200700055895;7;9;14;45;5;2;2;1;7;63;CRS DE VERDUN;;;;330
200700055899;7;9;14;1345;1;2;7;1;3;63;PCE DE CAMPEYRAUT;;;;330
200700055908;7;9;15;1400;1;2;1;1;6;63;64, RUE DES REMPARTS;;;;330
200700055910;7;9;17;850;1;2;1;1;3;63;181, BD ALBERT 1ER;;;;330
200700055912;7;9;18;1415;1;2;2;1;3;63;RUE CAPDEVILLE;;;;330
200700055930;7;9;20;750;1;2;2;1;3;63;PCE ANDRE MEUNIER DIT MU;;;;330
200700055937;7;9;21;820;1;2;1;1;3;63;67, AVE EMILE COUNORD;;;;330
200700055950;7;9;20;1640;1;2;1;1;3;281;5, CRS D'ORNANO;;;;330
200700055952;7;9;21;705;5;2;1;1;1;119;CRS DE VERDUN;;;;330
200700055960;7;9;26;720;5;2;6;2;3;63;AVE DE VERDUN CAUD;;;;330
200700055965;7;9;25;840;1;2;1;1;3;75;PCE DE LA REPUBLIQUE;;;;330
200700055969;7;9;29;1300;1;2;2;1;3;63;PRK AUCHAN;;;;330
200700055993;7;9;8;1230;1;2;1;1;2;3;, PITET (C13 A D13;;;;340
200700056020;7;9;18;1636;1;2;1;1;7;32;44, CORTOT ALFRED (RUE);;;;340
200700056026;7;9;23;1915;1;2;1;1;1;32;, CADENAT JULES (BD);;;;340
200700056033;7;9;1;1300;1;1;3;1;6;129;MONTOUZERES (AVENUE DES);;;;340
200700056039;7;9;7;755;1;2;1;1;3;172;sans, SORBES (RUE DE LAS;;;;340
200700056055;7;9;15;740;1;2;1;1;6;172;FERRY (RUE JULES);;;;340
200700056060;7;9;15;1150;1;2;1;1;3;172;119, ARGENCOURT (RUE D');;;;340
200700056064;7;9;19;1400;1;1;6;1;3;172;ASTRE (ROND POINT DU MAS;;;;340
200700056067;7;9;19;1845;1;2;1;1;3;198;2066, PAGNOL (AVENUE MAR;;;;340
200700056070;7;9;20;1710;1;2;6;1;1;129;sans, SEPTIMANIE (AVENUE;M;4356354.0;387478.0;340
200700056074;7;9;22;2015;5;2;1;1;3;198;sans, D21  ROUTE DE CARN;;;;340
200700056077;7;9;24;1230;1;2;1;1;3;172;AIGRETTES (RUE DES);;;;340
200700056091;7;9;29;1740;1;2;3;8;3;172;sans, JEU DE PAUME (BOUL;M;4360660.0;387615.0;340
200700056101;7;9;3;1318;1;2;2;1;6;238;00, GRIMAULT (BD LEON);;;;350
200700056121;7;9;16;1515;1;2;2;1;1;238;00, SAINT-HELIER;;;;350
200700056124;7;9;18;1118;1;2;3;1;2;238;01, BRETAGNE (PLACE DE);;;;350
200700056125;7;9;19;1710;1;2;1;1;5;238;32, VILLEBOIS MAREUIL (B;;;;350
200700056126;7;9;19;1715;1;2;3;1;3;238;24, BARTHOU (AVENUE LOUI;;;;350
200700056139;7;9;26;1550;1;2;1;1;3;238;08, GRIMAULT (BD LEON);;;;350
200700056150;7;9;28;1930;1;2;2;1;3;288;000, BRINDJONC EMILE (RU;;;;350
200700056161;7;9;13;1350;1;2;2;1;3;44;0, MONTAIGNE;;;;360
200700056175;7;9;27;2355;5;2;7;1;3;261;FRANCE (PLACE ANATOLE);;;;370
200700056181;7;9;4;1730;1;2;1;1;7;421;0, MOGNE (AV. DE LA) (M.;;;;380
200700056184;7;9;5;1955;1;2;3;1;3;185;0, JEAN JAURES (COURS);;;;380
200700056187;7;9;7;1130;1;2;2;1;6;185;0, GAMBETTA (BOULEVARD);;;;380
200700056189;7;9;11;1730;1;2;1;1;2;185;00, ETOILE (PLACE DE L';;;;380
200700056192;7;9;15;1045;1;2;1;1;2;185;9, RENE FERNANDAT (RUE);;;;380
200700056193;7;9;17;1305;1;2;2;1;3;185;00, VERDUN (PLACE DE);;;;380
200700056194;7;9;17;1310;1;2;1;1;3;151;00, PELLOUTIER (RUE F.);;;;380
200700056204;7;9;23;1725;1;2;1;1;3;169;00, COURTADE (RUE P.);;;;380
200700056207;7;9;24;1745;1;2;1;1;3;185;0, EUROPE (AVENUE DE L';;;;380
200700056209;7;9;26;1330;1;2;1;1;6;185;25, LESDIGUIERES (RUE);;;;380
200700056230;7;9;27;1737;1;2;2;1;3;192;FARBOS (AV HENRI);;;;400
200700056232;7;9;11;905;1;2;1;1;3;18;22, GARENNE (RUE DE LA);;;;410
200700056237;7;9;9;1730;1;2;1;1;3;18;53, VENDOME (AVENUE DE);;;;410
200700056251;7;9;16;730;1;1;1;1;7;31;CD 3;;;;420
200700056264;7;9;23;1940;5;2;3;2;3;186;38, PROVINCES BOULEVARD;;;;420
200700056272;7;9;10;1010;1;2;1;1;6;184;2135, FOCH MARECHAL (RUE;;;;420
200700056282;7;9;23;1240;1;2;1;1;6;187;7, DEPIERRE (RUE PIERRE);;;;420
200700056300;7;9;12;1950;1;2;1;1;6;218;92, MARENGO A PARTIR N°;;;;420
200700056303;7;9;16;1715;1;2;3;1;6;218;VACHER;;;;420
200700056326;7;9;28;1100;1;2;6;1;3;132;1, GRIS (AVENUE DU);;;;440
200700056328;7;9;28;1628;1;2;1;1;2;55;14, BENOIT ( ESPLANADE );;;;440
200700056334;7;9;3;1715;1;2;1;1;3;114;296, ROUTE DE VANNES;;;;440
200700056342;7;9;7;1045;1;2;3;1;6;190;ROUTE DE CLISSON;;;;440
200700056346;7;9;11;1415;1;2;6;1;3;109;RUE DE LA PATOUILLERIE;;;;440
200700056353;7;9;16;1250;1;2;1;1;2;109;0, RUE CHARLES BRUNELLIE;;;;440
200700056362;7;9;15;1830;1;2;1;1;6;109;RUE LOUIS BLANC;;;;440
200700056380;7;9;14;1250;1;2;1;1;6;109;1, BOULEVARD MARECHAL AL;;;;440
200700056385;7;9;28;2115;5;2;6;1;3;109;0, QUAI DE MALAKOFF;;;;440
200700056398;7;9;12;955;1;2;3;1;3;184;1, CROIX DE MÉAN (RUE DE;;;;440
200700056405;7;9;1;2010;1;2;1;1;6;234;12, CHATELET (PLACE DU);;;;450
200700056406;7;9;5;1405;1;2;1;1;3;232;VERDUN (AVENUE DE);;;;450
200700056413;7;9;10;1325;1;2;1;1;2;234;, QUEBEC (BOULEVARD DE);M;4791479.0;345699.0;450
200700056415;7;9;11;750;1;2;2;1;6;75;, ORLEANS (ROUTE D'ORLEA;M;4788685.0;345699.0;450
200700056416;7;9;11;1830;1;2;1;1;3;232;41, ARDON (ROUTE D');;;;450
200700056417;7;9;12;1750;1;2;2;1;3;274;165, PRIEURE  (RUE DU);M;4790616.0;345699.0;450
200700056424;7;9;18;935;1;2;1;1;6;232;11, SIMON (RUE JULES MAR;;;;450
200700056428;7;9;21;1632;1;2;1;1;6;234;129, BANNIER (RUE);;;;450
200700056431;7;9;26;1835;2;2;1;3;6;234;01, SAINT EUVERTE (BOULE;;;;450
200700056433;7;9;27;2100;5;2;2;2;6;147;1, ROLLAND (RUE ROMAIN R;;;;450
200700056438;7;9;10;1805;1;2;1;1;3;1;LACOUR (BD EDOUARD);;;;470
200700056445;7;9;11;2010;1;2;3;1;3;323;BIAS (AVENUE DE);;;;470
200700056450;7;9;2;1606;1;2;1;1;6;15;0, ADEZIERE ROUTE;;;;490
200700056454;7;9;4;948;1;2;1;1;6;7;27, BODINIER;;;;490
200700056458;7;9;9;1639;1;2;1;1;7;7;0, RECULEE PROMENADE;;;;490
200700056470;7;9;11;1546;1;2;1;1;7;15;0, DE GAULLE AVENUE DU G;;;;490
200700056473;7;9;14;945;1;2;3;1;6;7;0, COUBERTIN BOULEVARD;;;;490
200700056475;7;9;17;924;1;2;4;1;2;267;0, VERLAINE;;;;490
200700056492;7;9;27;1705;1;2;2;1;3;7;0, BIRGE BOULEVARD;;;;490