Num_Acc;an;mois;jour;hrmn;lum;agg;int;atm;col;com;adr;gps;lat;long;dep
200700056496;7;9;28;1538;1;2;1;1;7;7;3 ET 5, ALSACE;;;;490
200700056529;7;9;19;1625;1;2;1;1;7;129;35, LAVIEILLE (RUE FRANC;;;;500
200700056546;7;9;5;2105;5;2;7;2;3;454;SOUVENIR FRANCAIS (PLACE;;;;510
200700056564;7;9;24;835;1;2;2;1;3;121;0, GIRARDEL (AVENUE PHIL;;;;520
200700056570;7;9;12;1058;1;2;1;1;3;448;17, FRACHON (AVENUE BENO;;;;520
200700056575;7;9;13;820;1;2;1;1;2;201;RD 57 VERS LAVAL;;;;530
200700056576;7;9;19;1720;1;2;1;1;1;130;41, STADE ( RUE DE );;;;530
200700056582;7;9;12;1710;1;2;2;1;1;367;1, NATIONALE (RUE);;;;540
200700056587;7;9;2;1045;1;2;2;1;6;395;1, BLANDAN (IMPASSE ET R;;;;540
200700056611;7;9;16;1630;1;2;2;1;3;547;31, LORRAINE (RUE DE);;;;540
200700056614;7;9;18;1250;1;2;1;1;3;395;1, RAVINELLE (RUE DE LA);;;;540
200700056642;7;9;21;1320;1;2;3;1;3;431;GUYNEMER (AVENUE GEORGES;;;;540
200700056643;7;9;21;753;1;1;1;1;6;528;GENERAL BIGEARD (AVENUE);;;;540
200700056660;7;9;11;1335;1;2;1;1;3;98;JAURES (RUE  JEAN );;;;560
200700056676;7;9;22;1225;1;2;1;1;3;162;ALLIES (RUE DES );;;;560
200700056687;7;9;20;1630;1;2;3;1;1;537;LIEUTENANT NAU(RUE);;;;570
200700056696;7;9;1;1125;1;2;1;1;6;447;00, LONG PREY (AVENUE DE;;;;570
200700056698;7;9;5;1630;1;2;3;1;3;463;29, MARNE (RUE DE LA );;;;570
200700056711;7;9;22;1645;1;2;2;7;3;447;00, AEROGARE (RUE DE L');;;;570
200700056749;7;9;13;1215;1;2;1;1;3;194;sans, BANLAY;;;;580
200700056756;7;9;18;1735;1;2;2;2;3;17;VICTOIRE (RUE DE LA );;;;590
200700056771;7;9;4;1940;1;2;2;1;3;183;., CHURCHILL WINSTON;;;;590
200700056779;7;9;17;1215;1;2;1;1;2;183;65, CHURCHILL WINSTON;;;;590
200700056793;7;9;7;1340;1;2;2;1;3;350;001, OLLIVIER RUE;;;;590
200700056794;7;9;7;1330;1;2;2;1;3;328;AMPERE RUE;;;;590
200700056798;7;9;8;1530;1;2;1;1;3;378;REPUBLIQUE AV DE LA (N°8;;;;590
200700056802;7;9;10;1915;1;2;1;1;3;350;29, BIGO DANEL BOULEVARD;;;;590
200700056805;7;9;11;1750;1;2;3;1;6;220;45bis, BARBUSSE HENRI RU;;;;590
200700056807;7;9;12;1230;1;2;1;1;3;328;101, CARNOY RUE DE LA N°;;;;590
200700056812;7;9;14;1820;1;2;3;1;3;378;DERAIN RUE RAYMOND N°2-5;;;;590
200700056816;7;9;14;1800;1;2;1;1;6;316;499, SALENGRO ROGER RUE;;;;590
200700056824;7;9;19;1840;1;2;1;1;3;350;FAUBOURG DES POSTES RUE;;;;590
200700056828;7;9;20;2110;5;2;1;1;1;507;SAINT VENANT CHARLES RUE;;;;590
200700056836;7;9;25;750;1;2;7;1;2;350;LEBON PHILLIPE PLACE;;;;590
200700056837;7;9;25;1200;1;2;3;2;6;350;28, LIBERTE BVD N°147 A;;;;590
200700056854;7;9;27;1825;1;2;1;1;3;286;001, ENGLOS RUE D;;;;590
200700056855;7;9;30;1900;1;2;1;1;6;350;570, DUNKERQUE AVENUE DE;;;;590
200700056868;7;9;10;1020;1;2;2;1;3;512;GAMBETTA (BOULEVARD);;;;590
200700056872;7;9;14;1710;1;2;3;1;3;646;VAN DER MEERSCH (RUE MAX;;;;590
200700056876;7;9;18;915;1;2;1;3;3;299;GUESDE (RUE JULES);;;;590
200700056883;7;9;14;835;1;1;1;1;3;299;GUESDE (RUE JULES);;;;590
200700056890;7;9;20;1915;1;1;1;1;3;512;FRASEZ (AVENUE);;;;590
200700056892;7;9;27;825;1;2;1;1;6;163;HOLDEN CROTHERS(RUE);;;;590
200700056896;7;9;25;1908;1;2;1;1;3;650;JAURES (RUE JEAN);;;;590
200700056911;7;9;20;1800;1;2;1;1;5;599;211, TESTELIN (RUE ACHIL;;;;590
200700056916;7;9;6;1900;1;2;3;1;3;79;MORTUAIRE (RUE GEORGES);;;;590
200700056918;7;9;17;1645;1;2;2;1;3;606;REIMS (AVENUE DE);;;;590
200700056919;7;9;18;805;1;2;6;1;3;383;00, BARBUSSE (AVENUE HEN;;;;590
200700056947;7;9;28;750;2;2;1;1;2;6;2, COMMERCE (RUE DU);;;;610
200700056958;7;9;14;1840;1;2;1;1;2;48;83, BERNARD;;;;620
200700056968;7;9;30;1130;1;2;1;1;7;724;38, DE GAULLE (DU GENERA;;;;620
200700056983;7;9;13;1220;1;2;1;1;3;250;9, LAMENDIN (R ARTHUR);;;;620
200700056985;7;9;18;1630;1;1;1;8;3;215;sans, MEURCHIN (RTE DE);;;;620
200700056988;7;9;1;1915;1;2;1;1;6;249;0, BRIQUET (R RAOUL);;;;620
200700056992;7;9;16;1430;1;2;1;1;1;133;10, DIJON (R DE);;;;620
200700057008;7;9;13;1700;1;2;1;1;2;510;., FERRY (R JULES);;;;620
200700057016;7;9;12;1640;1;2;3;1;3;737;1, TOULON (RUE DE );;;;620
200700057018;7;9;13;1220;1;2;3;1;3;617;GARE (SENTIER DE LA);;;;620
200700057032;7;9;10;1225;1;2;3;1;3;113;CHEVAL (RUE DU);;;;630
200700057043;7;9;13;2110;5;2;1;1;3;113;4, FLAMINA (RUE DE);;;;630
200700057059;7;9;21;1425;1;2;1;1;2;14;., FOISSES (RUE DES);;;;630
200700057060;7;9;21;1720;1;2;3;1;6;113;-, NIEL (RUE);;;;630
200700057072;7;9;10;1700;1;1;2;1;3;164;1, CHARMETS (CHEMIN DES);;;;630
200700057078;7;9;13;950;1;2;6;1;3;102;., SAINT LEON (ROND POIN;;;;640
200700057079;7;9;20;1610;1;2;1;1;3;102;., LESPES (QUAI AMIRAL);;;;640
200700057091;7;9;2;950;1;2;6;1;3;445;TOURASSE;;;;640
200700057099;7;9;11;1530;1;2;1;1;3;445;3, EMILE GARET;;;;640
200700057100;7;9;11;1700;1;2;1;1;6;445;5, ALLEES DE MORLAAS DES;;;;640
200700057102;7;9;18;1555;1;2;1;1;6;445;7, RENE CASSAGNE;;;;640
200700057114;7;9;27;815;1;2;3;1;3;445;ATTIGNY D';;;;640
200700057130;7;9;20;1639;1;2;3;1;4;286;07, JEAN PRAT(AVENUE);;;;650
200700057138;7;9;11;1440;1;2;1;1;6;440;124, REGIMENT DE BIGORRE;;;;650
200700057154;7;9;25;850;1;2;2;2;3;440;., BERT (RUE PAUL);;;;650
200700057168;7;9;6;1735;1;1;1;2;3;180;BISCHWILLER (ROUTE DE);;;;670
200700057172;7;9;1;1745;1;2;1;1;1;482;HERRENWASSER (PISTE DU);;;;670
200700057173;7;9;3;1145;1;2;1;1;3;482;00, RENE CASSIN (ALLEE);;;;670
200700057176;7;9;4;1630;1;2;2;1;6;482;POLYGONE (ROUTE DU);;;;670
200700057177;7;9;4;1710;1;2;1;1;3;482;0, MULHOUSE (RUE DE);;;;670
200700057181;7;9;7;620;5;2;1;1;2;482;0, MOLSHEIM (RUE DE);;;;670
200700057182;7;9;7;850;1;2;2;1;3;482;36, MULHOUSE (RUE DE);;;;670
200700057199;7;9;18;2115;5;2;2;1;3;482;KLEBSAU (RUE DE LA);;;;670
200700057200;7;9;20;655;1;2;3;1;3;482;HAGUENAU (PLACE DE);;;;670
200700057202;7;9;20;1725;1;2;1;1;6;482;2, LAUSANNE (RUE DE);;;;670
200700057204;7;9;21;740;1;2;1;1;1;447;16, GENERAL DE GAULLE (R;;;;670
200700057205;7;9;21;1130;1;2;3;1;3;218;0, BURKEL (ROUTE);;;;670
200700057216;7;9;26;1745;2;2;4;2;3;447;0, CONTADES (RUE DES);;;;670
200700057218;7;9;27;1800;1;2;1;1;3;482;11, GENERAL GOURAUD (RUE;;;;670
200700057219;7;9;28;5;5;2;3;1;3;482;000, DIVISION LECLERC (R;;;;670
200700057223;7;9;29;1910;3;2;3;1;6;482;ERNEST MUNCH (RUE);;;;670
200700057224;7;9;30;1700;1;2;3;1;3;218;0, LIXENBUHL (RUE);;;;670
200700057226;7;9;6;1207;1;2;2;1;6;66;STANISLAS (RUE);;;;680
200700057229;7;9;10;805;1;2;4;1;3;66;INGERSHEIM (ROUTE D');;;;680
200700057230;7;9;20;1715;1;2;3;1;3;66;5, MESSIMY (RUE);;;;680
200700057233;7;9;20;1716;1;2;6;1;3;66;DE GAULLE (AVENUE DU GEN;;;;680
200700057236;7;9;27;735;1;2;2;1;6;66;REPUBLIQUE (AVENUE DE LA;;;;680
200700057248;7;9;15;1600;1;1;1;1;2;271;55, BOIS (RUE DES);;;;680
200700057259;7;9;12;1636;1;2;1;1;6;29;, AVENUE LOUIS MOUILLARD;;;;690
200700057270;7;9;18;1859;1;2;1;1;3;142;JEAN JACQUES ROUSSEAU;;;;690
200700057287;7;9;28;1510;1;2;1;2;3;259;2, RUE LOUIS JOUVET;;;;690
200700057292;7;9;12;1350;1;2;1;1;6;266;111, autre;;;;690
200700057303;7;9;20;940;1;2;1;1;3;282;40, RUE DE LA REPUBLIQUE;;;;690
200700057310;7;9;25;1310;1;1;1;1;3;513;RIVES DEU LAC (AVENUE DE;;;;700
200700057327;7;9;29;1830;1;2;2;1;3;153;22, HOCHE;;;;710
200700057331;7;9;11;735;2;2;2;1;3;270;Rue de Lyon/rue de l'Eur;;;;710
200700057335;7;9;18;2110;2;2;1;1;6;270;1367, SANCE (RUE DE);;;;710
200700057346;7;9;7;850;1;2;1;1;3;181;206, DURAND GEORGES (AV);;;;720
200700057366;7;9;17;1125;1;2;1;1;6;181;THOMAS COLIN (RUE);;;;720
200700057373;7;9;19;1400;1;2;1;1;3;181;47, MAILLETS (RUE DES) I;;;;720
200700057375;7;9;20;2030;1;2;1;1;1;181;231, BOLLEE (AV) N° IMP;;;;720
200700057423;7;9;8;1545;1;2;1;1;3;447;1, GRAND HAVRE (CENTRE C;;;;760
200700057437;7;9;3;1745;1;2;1;1;7;540;1, PRE AUX LOUPS. QUAI D;;;;760
200700057445;7;9;8;2015;2;2;1;1;3;366;4, VERDUN. RUE DE;;;;760
200700057454;7;9;11;1030;1;2;1;1;1;681;1, HUGO. RUE VICTOR;;;;760
200700057467;7;9;19;2015;5;2;1;1;3;540;1, BICHERAY. AVENUE DU C;;;;760
200700057501;7;9;13;2110;3;1;1;1;1;518;FORTOISEAU(CHEMIN DE);;;;770
200700057526;7;9;27;1800;1;2;1;1;2;284;9, SADI-CARNOT (QUAI);;;;770
200700057530;7;9;13;835;1;2;3;1;3;288;13, DOCTEUR POUILLOT (RU;;;;770
200700057531;7;9;18;1335;1;2;1;1;6;288;sans N, TROIS HORLOGES (;;;;770
200700057541;7;9;26;1545;1;2;1;8;3;294;22bis, CLAYE (ROUTE DE);;;;770
200700057567;7;9;29;1150;1;2;2;8;3;172;0, BRIAND (RUE ARISTIDE);;;;780
200700057571;7;9;5;1315;1;2;1;1;3;208;MENDES FRANCE (PLACE);;;;780
200700057575;7;9;20;1810;1;2;1;1;3;208;VILLEDIEU (AVENUE DE LA);;;;780
200700057579;7;9;8;1105;1;2;1;1;3;423;DESCARTES (BOULEVARD);;;;780
200700057647;7;9;17;1215;1;2;1;1;2;686;GENERAL LECLERC (AVENUE;;;;780
200700057657;7;9;12;1740;1;2;3;1;3;646;Néant, MARECHAL FOCH (RU;;;;780
200700057658;7;9;13;1630;1;1;1;1;3;117;0, CROIX BLANCHE (RUE DE;;;;780
200700057673;7;9;6;1650;1;2;1;1;2;21;84, SAINT FUSCIEN (RUE);;;;800
200700057674;7;9;6;1635;1;2;1;1;3;21;88, SAINT PIERRE (CHAUSS;;;;800
200700057681;7;9;13;1750;1;2;1;1;6;21;18 BIS, MARCHE AUX CHEVA;;;;800
200700057698;7;9;29;1210;1;2;1;8;6;21;11, JEAN CATELAS (RUE);;;;800
200700057701;7;9;19;1400;1;2;1;1;2;4;RN112 SUD;;;;810
200700057742;7;9;29;1150;1;2;1;1;2;141;1114, MENENPENTY(CHEMIN;;;;830
200700057756;7;9;21;1305;1;2;1;1;3;129;801, JUIN MARECHAL (AV D;;;;830
200700057760;7;9;15;1310;1;2;1;1;3;9;240, LIBERATION (AVENUE;;;;830
200700057810;7;9;6;1159;1;2;1;7;6;62;BARBUSSE (AVENUE HENRI);;;;830
200700057828;7;9;27;800;1;2;1;1;3;7;REALPANIER (Rond point d;;;;840
200700057832;7;9;3;1115;1;2;2;1;3;35;000, GAMBETTA (COURS LEO;;;;840
200700057838;7;9;20;1135;1;2;1;1;3;87;539, TASSIGNY (AVENUE DE;;;;840
200700057846;7;9;7;750;1;2;6;1;7;194;LANDRIEAU (RUE ERNEST);;;;850
200700057852;7;9;21;1610;1;2;1;1;3;194;39, COLBERT (AVENUE);;;;850
200700057853;7;9;21;1645;1;2;1;1;1;194;BONNE VIERGE (RUE DE LA);;;;850
200700057855;7;9;28;1700;1;2;1;1;3;194;11, GAULLE (RUE CHARLES;;;;850
200700057866;7;9;13;1450;1;2;2;1;3;194;., NIMEGUE (RUE DE);;;;860
200700057891;7;9;11;1851;1;2;1;1;3;85;15, ISLY (RUE D');;;;870
200700057895;7;9;13;1201;1;2;1;1;7;85;16, NAVEIX (RUE DU);;;;870
200700057922;7;9;25;1725;1;2;1;1;6;85;3, PERRIN (RUE FRANCOIS);;;;870
200700057929;7;9;28;1901;1;2;2;1;1;85;10, SOIXANTE ET ONZIEME;;;;870
200700057940;7;9;13;1505;1;1;1;1;2;160;0, Tranchée de Docelles;;;;880
200700057956;7;9;1;1530;1;2;1;1;1;1;1, DOUCE (HAMEAU DE LA);;;;900
200700057971;7;9;14;940;1;2;1;1;3;114;GENERAL DE GAULLE (BOULE;;;;910
200700057977;7;9;3;1300;1;2;1;1;6;201;PIERRE BROSSOLETTE (RUE);;;;910
200700057978;7;9;5;820;1;2;1;1;6;201;SABLES DE ROUVRES (AVENU;;;;910
200700057993;7;9;14;2055;5;2;2;1;3;228;MONTESPAN (RUE);;;;910
200700058019;7;9;4;1645;1;2;1;1;2;692;12, BOURGOGNE (AVENUE DE;;;;910
200700058029;7;9;17;750;1;2;2;1;2;4;NR, PAUL BERT;;;;920
200700058030;7;9;17;1330;1;2;1;1;6;9;62, PAUL DEROULEDE ( RUE;;;;920
200700058035;7;9;27;825;1;2;3;1;6;9;51, CHARLES CHEFSON ( RU;;;;920
200700058042;7;9;12;1424;1;2;6;1;2;12;ANCIENS COMBATTANT (ROND;;;;920
200700058066;7;9;25;1717;1;2;1;1;6;71;114, HOUDAN (RUE);;;;920
200700058077;7;9;18;1120;1;2;1;1;2;24;104, CLICHY (QUAI DE) DE;;;;920
200700058110;7;9;17;5;5;2;1;1;2;36;252, LAURENT CELY (AVENU;;;;920
200700058116;7;9;25;920;1;2;2;1;6;36;0, LAURENT CELY (AVENUE);;;;920
200700058144;7;9;6;730;2;2;1;1;2;50;ARAGO FRANCOIS AVENUE;;;;920
200700058216;7;9;11;1220;1;2;1;1;1;1;50, HEMET (RUE) (PAIR);;;;930
200700058219;7;9;15;1625;1;2;1;1;3;1;189, VICTOR HUGO (AVE);;;;930
200700058220;7;9;18;2000;1;2;1;1;6;1;JEAN JAURES (AVE) 55 A 1;;;;930
200700058224;7;9;1;1800;1;2;2;1;3;5;MITRY [CD115] (ROUTE DE);;;;930
200700058294;7;9;1;2230;5;2;2;1;3;45;2, PARIS RUE DE;;;;930
200700058317;7;9;4;850;1;2;1;1;3;46;MARECHAL LECLERC AVENUE;;;;930
200700058321;7;9;16;1130;1;2;3;1;3;46;3, GUTEMBERG BOULEVARD;;;;930
200700058329;7;9;4;1310;1;2;1;1;2;48;3, 18 AOUT (RUE DU);;;;930
200700058345;7;9;15;2035;3;2;1;1;1;33;, HERMANN REGNIER;;;;930
200700058362;7;9;16;1746;1;2;1;1;6;14;0, GAGARINE (BOULEVARD);;;;930
200700058404;7;9;25;1745;1;2;3;1;6;70;MARTYRS DES DEPORTATIONS;;;;930
200700058407;7;9;14;1455;1;2;3;1;2;71;HENRI DUNANT (AVENUE);;;;930
200700058409;7;9;19;1920;2;2;1;1;3;71;NEANT, MARAIS (AVENUE DE;;;;930
200700058410;7;9;20;1820;1;2;3;1;6;72;80, ROGER SALENGRO (RUE);;;;930
200700058449;7;9;30;1340;1;2;3;1;1;17;JEAN JAURES (R);;;;940
200700058452;7;9;10;1155;1;2;1;1;2;69;SAINT MAURICE DU VALAIS;;;;940
200700058454;7;9;29;1915;1;2;1;1;7;18;5, CARRIERES (QU DES);;;;940
200700058458;7;9;9;1845;1;2;2;1;7;55;00, JEAN JAURES (R);;;;940
200700058467;7;9;25;800;1;2;3;1;6;22;FOLIE (AV DE LA);;;;940
200700058481;7;9;13;1940;1;2;1;1;3;28;208, LECLERC.(RUE DU GEN;;;;940
200700058493;7;9;1;1630;1;2;2;1;3;33;ROGER SALENGRO (R);;;;940
200700058508;7;9;17;950;1;2;1;1;3;3;10, PAUL VAILLANT COUTUR;;;;940
200700058539;7;9;20;2200;5;2;1;1;3;41;62, COLONEL FABIEN (BD D;;;;940
200700058555;7;9;25;1120;1;2;1;1;3;42;7, MARECHAL LECLERC (BD;;;;940
200700058590;7;9;4;1755;1;2;2;1;6;18;JAURES (AVENUE JEAN);;;;950
200700058617;7;9;25;850;1;1;1;1;3;63;18, ANDRE LEMONIER (RUE);;;;950
200700058626;7;9;30;2340;5;2;2;1;3;598;KELLERMANN    AVENUE;;;;950
200700058628;7;9;9;900;1;2;1;1;6;426;PARIS (ROUTE DE);;;;950
200700058633;7;9;19;820;1;2;1;1;6;252;RHIN ET DANUBE (BOULEVAR;;;;950
200700058642;7;9;12;820;1;2;1;1;2;306;8 MAI 1945 (BOULEVARD DU;;;;950
200700058857;7;9;19;1711;1;1;1;1;3;549;RN 104;;;;910
200700058909;7;9;17;825;1;2;2;1;3;382;RUE VICTOR HUGO;;;;690
200700058952;7;9;8;2110;5;2;1;1;3;383;129, RUE SERVIENT;;;;690
200700058953;7;9;9;140;5;2;1;1;6;383;PONT WILSON;;;;690
200700058962;7;9;14;805;1;2;1;1;6;383;BOULEVARD MARIUS VIVIER;;;;690
200700058971;7;9;18;815;1;2;1;2;3;383;74, RUE DE LA VILLETTE;;;;690
200700058980;7;9;21;820;1;2;1;1;6;384;48, QUAI JOSEPH GILLET;;;;690
200700059003;7;9;7;810;1;2;1;1;3;385;13, RUE FRANCOIS GENIN;;;;690
200700059023;7;9;15;1900;2;2;1;1;6;387;6, GRANDE RUE DE LA GUIL;;;;690
200700059024;7;9;16;1405;1;2;1;1;6;387;13, AVENUE BERTHELOT;;;;690
200700059030;7;9;28;730;1;2;2;3;3;387;RUE DOMER;;;;690
200700059082;7;9;14;1025;1;2;1;1;3;389;QUAI ARLOING;;;;690
200700059143;7;9;1;2005;2;2;2;1;3;101;157, RUE SAINT HONORE;;;;750
200700059145;7;9;3;855;1;2;2;2;3;101;RUE DE CASTIGLIONE;;;;750
200700059146;7;9;2;2202;5;2;2;1;3;101;RUE DE ROHAN;;;;750
200700059153;7;9;13;2214;5;2;1;1;2;101;PONT DU CARROUSEL;;;;750
200700059161;7;9;27;845;1;2;1;8;6;101;8, RUE SAINT DENIS;;;;750
200700059165;7;9;5;2300;5;2;2;1;3;102;BOULEVARD DE SEBASTOPOL;;;;750
200700059182;7;9;11;1305;1;2;1;1;6;103;17, RUE REAUMUR;;;;750
200700059184;7;9;12;800;1;2;1;1;3;103;292, RUE SAINT MARTIN;;;;750
200700059188;7;9;23;1300;1;2;1;1;6;103;RUE BEAUBOURG;;;;750
200700059190;7;9;29;1735;1;2;1;1;6;103;53, RUE VOLTA;;;;750
200700059206;7;9;20;1630;1;2;1;1;3;104;2, QUAI DU MARCHE NEUF;;;;750
200700059215;7;9;30;1100;1;2;1;1;6;104;22, BOULEVARD DE SEBASTO;;;;750
200700059216;7;9;2;2355;5;2;1;1;6;105;RUE DES ECOLES;;;;750
200700059218;7;9;6;1745;1;2;1;2;3;105;25, RUE GAY LUSSAC;;;;750
200700059219;7;9;6;1845;1;2;1;2;6;105;63, BOULEVARD SAINT GERM;;;;750
200700059222;7;9;10;1625;1;2;2;1;3;105;58, BOULEVARD SAINT MICH;;;;750
200700059224;7;9;13;1017;1;2;1;1;3;105;27, RUE MONGE;;;;750
200700059230;7;9;18;745;1;2;1;1;3;105;BOULEVARD DE PORT ROYAL;;;;750
200700059241;7;9;29;1532;1;2;1;1;7;105;RUE SAINT JACQUES;;;;750
200700059242;7;9;1;1655;1;2;1;1;3;106;23, QUAI DE CONTI;;;;750
200700059256;7;9;24;1605;1;2;1;1;3;106;40, RUE D ASSAS;;;;750
200700059267;7;9;5;1020;1;2;1;1;3;107;75, QUAI D ORSAY;;;;750
200700059270;7;9;7;800;1;2;1;1;3;107;39, AVENUE DE BRETEUIL;;;;750
200700059282;7;9;22;1525;1;2;1;1;2;107;40, AVENUE DE LA BOURDON;;;;750
200700059295;7;9;8;1545;1;2;1;1;6;108;RUE MARBEUF;;;;750
200700059310;7;9;19;1650;1;2;2;1;3;108;8, RUE DE PONTHIEU;;;;750
200700059316;7;9;24;925;1;2;1;1;3;108;18, AVENUE HOCHE;;;;750
200700059317;7;9;25;1450;1;2;1;1;7;108;COURS ALBERT 1ER;;;;750
200700059348;7;9;24;2025;5;2;1;1;6;109;69, RUE LA FAYETTE;;;;750
200700059361;7;9;8;1450;1;2;3;1;3;110;108, QUAI DE JEMMAPES;;;;750
200700059365;7;9;11;20;5;2;1;1;3;110;137, RUE DU FAUBOURG DU;;;;750
200700059370;7;9;14;1245;1;2;1;1;3;110;132, BOULEVARD DE MAGENT;;;;750
200700059377;7;9;18;920;1;2;2;1;3;110;17, AVENUE CLAUDE VELLEF;;;;750
200700059390;7;9;27;1700;1;2;1;1;3;110;89, RUE DU FAUBOURG SAIN;;;;750
200700059392;7;9;29;1810;1;2;1;1;3;110;127, BOULEVARD DE LA VIL;;;;750
200700059402;7;9;5;1720;1;2;2;1;3;111;132, BOULEVARD RICHARD L;;;;750
200700059406;7;9;7;2050;5;2;5;1;7;111;2, AVENUE DE LA REPUBLIQ;;;;750
200700059416;7;9;18;855;1;2;1;1;7;111;35, RUE LEON FROT;;;;750
200700059420;7;9;19;1900;1;2;1;1;3;111;44, RUE SEDAINE;;;;750
200700059421;7;9;20;1046;1;2;1;1;3;111;92, RUE SAINT MAUR;;;;750
200700059433;7;9;26;1520;1;2;1;2;6;111;105, BOULEVARD VOLTAIRE;;;;750
200700059438;7;9;2;1415;1;2;3;1;3;112;RUE GEORGE GERSHWIN;;;;750
200700059439;7;9;3;1245;1;2;1;1;6;112;274, RUE DU FAUBOURG SAI;;;;750
200700059441;7;9;3;1920;1;2;1;1;7;112;ROUTE DE LA FALUERE;;;;750
200700059443;7;9;4;1130;1;2;1;1;7;112;11, PASSAGE DU GENIE;;;;750
200700059445;7;9;4;1700;1;2;1;1;7;112;QUAI DE LA RAPEE;;;;750
200700059447;7;9;5;1850;1;2;1;1;6;112;127, RUE DU FAUBOURG SAI;;;;750
200700059450;7;9;8;1435;1;2;1;1;3;112;ROUTE DE LA PYRAMIDE;;;;750
200700059461;7;9;15;1320;1;2;3;1;1;112;70, AVENUE DAUMESNIL;;;;750
200700059465;7;9;16;1200;1;1;1;1;6;112;00, ROUTE DAUPHINE;;;;750
200700059466;7;9;17;1955;5;2;1;2;3;112;AVENUE LEDRU ROLLIN;;;;750
200700059468;7;9;18;1150;1;2;1;1;6;112;ROUTE DE LA FERME;;;;750
200700059472;7;9;23;1400;1;2;1;1;3;112;PORT DE BERCY;;;;750
200700059473;7;9;23;1625;1;2;2;1;2;112;RUE PROUDHON;;;;750
200700059474;7;9;23;1720;1;2;1;1;2;112;0, ROUTE DE BOURDON;;;;750
200700059481;7;9;30;1000;1;2;1;1;3;112;PONT D AUSTERLITZ;;;;750
200700059482;7;9;2;415;5;2;1;1;6;113;BOULEVARD VINCENT AURIOL;;;;750
200700059485;7;9;3;1800;1;2;3;1;3;113;PONT DE TOLBIAC;;;;750
200700059486;7;9;4;1000;1;2;1;1;3;113;131, AVENUE D ITALIE;;;;750
200700059507;7;9;25;1810;1;2;1;1;3;113;0, RUE DE TOLBIAC;;;;750
200700059513;7;9;28;1540;1;2;1;2;6;113;73, BOULEVARD SAINT MARC;;;;750
200700059520;7;9;10;1415;1;2;3;1;3;114;86, BOULEVARD DU MONTPAR;;;;750
200700059521;7;9;10;1715;1;2;1;1;3;114;156, RUE DU CHATEAU;;;;750
200700059525;7;9;14;1620;1;2;5;1;3;114;0, BOULEVARD DE PORT ROY;;;;750
200700059529;7;9;16;1950;5;2;1;1;6;114;RUE VERCINGETORIX;;;;750
200700059530;7;9;17;1010;1;2;1;1;6;114;8 bis, AVENUE RENE COTY;;;;750
200700059541;7;9;24;1610;1;2;1;1;3;114;RUE D ALESIA;;;;750
200700059544;7;9;26;750;1;2;3;2;1;114;angle, PLACE DENFERT ROC;;;;750
200700059548;7;9;3;1930;1;2;1;1;2;115;124, RUE SAINT CHARLES;;;;750
200700059557;7;9;11;1715;1;2;1;1;3;115;11, RUE DE VOUILLE;;;;750
200700059564;7;9;13;1815;1;2;2;1;6;115;71, BOULEVARD PASTEUR;;;;750
200700059568;7;9;15;1840;1;2;2;1;1;115;169bis, BOULEVARD LEFEBV;;;;750
200700059583;7;9;2;1230;1;2;1;1;7;116;CARREFOUR DE NORVEGE;;;;750
200700059586;7;9;6;1055;1;2;1;1;2;116;AVENUE DE NEW YORK;;;;750
200700059589;7;9;9;1100;1;1;1;1;6;116;lampadaire, ROUTE DES TR;;;;750
200700059629;7;9;29;1850;1;2;1;1;7;116;116, AVENUE KLEBER;;;;750
200700059632;7;9;3;1940;1;2;2;1;3;117;14, RUE LAUGIER;;;;750
200700059640;7;9;6;1835;1;2;1;1;2;117;107, BOULEVARD BESSIERES;;;;750
200700059644;7;9;12;1710;1;2;2;1;6;117;PLACE PAUL LEAUTAUD;;;;750
200700059659;7;9;20;1230;1;2;1;1;3;117;145, RUE CARDINET;;;;750
200700059683;7;9;5;1500;1;2;5;1;3;118;RUE CHAMPIONNET;;;;750
200700059686;7;9;8;1030;1;2;2;1;3;118;BOULEVARD BARBES;;;;750
200700059687;7;9;8;1700;1;2;1;1;6;118;19, BOULEVARD BARBES;;;;750