Num_Acc;an;mois;jour;hrmn;lum;agg;int;atm;col;com;adr;gps;lat;long;dep
200700059701;7;9;28;910;1;2;5;2;2;118;73, RUE DE LA CHAPELLE;;;;750
200700059707;7;9;30;2100;5;2;1;1;7;118;BOULEVARD NEY;;;;750
200700059713;7;9;14;1625;1;2;1;1;7;119;19, QUAI DE LA LOIRE;;;;750
200700059716;7;9;17;2025;5;2;1;2;2;119;91, RUE MANIN;;;;750
200700059717;7;9;19;535;5;2;1;1;1;119;63, RUE DE BELLEVILLE;;;;750
200700059741;7;9;4;930;1;2;1;1;2;120;125, AVENUE GAMBETTA;;;;750
200700059770;7;9;23;1455;1;2;1;1;3;120;21, AVENUE GAMBETTA;;;;750
200700059779;7;9;1;235;5;2;2;1;3;103;/, RUE REAUMUR;;;;750
200700059783;7;9;5;1910;1;2;1;1;4;116;ROUTE DE SEVRES A NEUILL;;;;750
200700059788;7;9;9;1415;1;2;2;1;3;105;, BOULEVARD SAINT MICHEL;;;;750
200700059814;7;9;26;1900;5;2;3;1;3;103;BOULEVARD DE SEBASTOPOL;;;;750
200700059889;7;8;29;2120;5;2;6;3;2;12;GENEVE (RUE DE);;;;740
200700059893;7;8;30;927;1;2;3;8;3;12;VERDUN (AVENUE DE);;;;740
200700059906;7;9;4;1640;1;2;1;1;2;68;BELLECHASSE (BD DE);;;;940
200700059908;7;9;10;835;1;2;1;1;6;68;CHAMPIGNY (BD DE);;;;940
200700059924;7;10;18;1700;1;1;1;1;1;256;;M;5056700.0;312600.0;590
200700059955;7;10;16;1730;2;2;1;1;1;14;D 186 E;M;0.0;0.0;620
200700059965;7;10;3;1445;1;1;1;1;6;761;;M;4976300.0;217200.0;800
200700060019;7;10;3;1600;1;2;1;1;3;88;rue pasteur;M;0.0;0.0;600
200700060027;7;10;30;1715;1;1;1;1;1;574;;M;0.0;0.0;600
200700060029;7;10;7;1545;1;2;1;1;1;25;rue dela fontaine aubier;M;0.0;0.0;600
200700060041;7;10;21;1200;1;2;1;1;6;141;Bd de la Libération;M;0.0;0.0;600
200700060048;7;10;14;1630;1;1;1;1;1;81;;M;0.0;0.0;760
200700060065;7;10;19;1130;1;1;2;1;3;161;;M;4971200.0;72100.0;760
200700060071;7;10;31;1630;1;2;1;7;1;114;rue Alfred de Vigny;M;4896500.0;142400.0;270
200700060133;7;10;29;1700;1;1;1;7;1;333;;M;4822400.0;-244200.0;220
200700060158;7;10;20;1645;1;1;1;1;2;143;;M;0.0;0.0;560
200700060174;7;10;30;1615;1;2;3;1;3;20;route de TROARN;M;4913300.0;-16300.0;140
200700060187;7;10;24;1700;1;2;1;1;1;601;45 rue danican;M;4904200.0;-97300.0;500
200700060295;7;10;29;1215;1;2;1;2;1;132;rue voltaire;M;4819000.0;64300.0;720
200700060307;7;10;18;745;2;2;1;1;3;92;Rue Rabelais;M;4644300.0;-80200.0;850
200700060345;7;10;19;1430;1;1;1;1;3;290;;M;4491200.0;-10800.0;330
200700060361;7;10;7;730;2;1;1;8;1;27;;M;4356500.0;-61200.0;400
200700060362;7;10;24;1000;1;2;2;1;1;194;Abbé Bordes;M;0.0;0.0;400
200700060462;7;10;24;2030;3;1;1;1;1;292;;M;0.0;0.0;790
200700060463;7;10;6;1530;1;1;1;1;1;310;;M;4616200.0;-30500.0;790
200700060466;7;10;17;1400;1;2;6;1;3;202;AVENUE ALBERT CAMUS;M;4664700.0;-24800.0;790
200700060494;7;10;28;1100;1;1;3;1;3;356;;M;0.0;0.0;310
200700060519;7;10;5;745;2;2;1;8;3;160;rue du 08 mai 1945;M;4293400.0;185300.0;90
200700060523;7;10;5;1045;1;2;3;1;3;268;Pont de ST LIZIER;M;4300400.0;113500.0;90
200700060563;7;10;25;1630;1;2;1;1;1;89;chemin des hermières;M;4574300.0;477100.0;690
200700060591;7;10;19;1615;1;2;1;1;3;286;CD483 RT DE STRASBOURG;M;0.0;0.0;690
200700060648;7;10;17;1715;1;1;1;1;3;83;;M;4610100.0;485000.0;10
200700060685;7;10;17;1900;2;2;1;1;3;565;rue Stalingrad;M;0.0;0.0;380
200700060700;7;10;25;830;1;2;1;1;1;261;avenue pré du roi;M;0.0;0.0;380
200700060718;7;10;10;730;2;2;1;2;3;349;30 route des Alpes;M;4532300.0;477100.0;380
200700060737;7;10;9;1815;1;2;1;1;7;247;chef lieu;M;4555600.0;612700.0;730
200700060748;7;10;11;1700;1;2;1;1;1;182;13 Avenue du Stade;M;0.0;0.0;740
200700060756;7;10;2;1530;1;1;1;1;2;236;;M;0.0;0.0;740
200700060762;7;10;3;645;3;1;9;5;2;262;;M;0.0;0.0;740
200700060810;7;10;28;1800;1;2;1;7;1;187;ave de verdun;M;0.0;0.0;150
200700060811;7;10;27;1515;1;2;1;7;3;119;67 Av  Général de Gaull;M;4525900.0;319800.0;150
200700060851;7;10;3;630;3;1;1;5;2;242;;M;4928100.0;614300.0;570
200700060902;7;10;16;1430;1;2;1;1;3;169;49 rue principale;M;0.0;0.0;670
200700060914;7;10;1;815;1;2;1;1;1;529;48 rue baldung grien;M;0.0;0.0;670
200700060916;7;10;4;1645;1;2;2;1;3;350;rue du Canal;M;4859000.0;764900.0;670
200700060933;7;10;26;1430;1;2;9;1;3;91;rue du cimetiere;M;4792000.0;753000.0;680
200700060999;7;10;6;1515;1;2;1;1;7;378;Rue du Pont Neuf;M;4787000.0;440400.0;210
200700061017;7;10;10;1430;1;1;1;1;3;215;;M;4686800.0;491600.0;710
200700061019;7;10;24;930;1;1;1;1;2;420;;M;4671000.0;502000.0;710
200700061020;7;10;25;1600;1;1;1;1;2;512;;M;0.0;0.0;710
200700061050;7;10;16;1530;1;2;1;1;6;229;;M;4827200.0;313400.0;890
200700061076;7;10;11;1730;1;2;1;1;3;189;RUE DANIELLE CASANOVA;M;4708500.0;542000.0;390
200700061102;7;10;17;1730;1;2;1;1;3;46;25 rue principale;M;0.0;0.0;900
200700061176;7;10;22;1430;1;2;1;1;3;25;Avenue de St maximin;M;0.0;0.0;830
200700061179;7;10;6;1130;1;1;1;1;7;93;;M;4338800.0;580700.0;830
200700061186;7;10;6;2330;3;1;1;1;7;119;;M;0.0;0.0;830
200700061198;7;10;1;1800;1;2;1;1;1;92;Avenue Charles De Gaulle;M;4396000.0;484800.0;840
200700061213;7;10;29;1645;1;2;1;1;3;138;;M;0.0;0.0;840
200700061235;7;10;11;1615;1;1;1;1;2;299;;M;4330100.0;327600.0;340
200700061260;7;10;29;730;1;2;1;1;1;266;Av général DE GAULLE;M;0.0;0.0;110
200700061269;7;10;19;1845;1;2;1;1;1;214;Les Tavernes;M;4403800.0;409900.0;300
200700061293;7;10;4;1215;1;2;7;1;1;171;Parking Halle à Marée;M;0.0;0.0;660
200700061340;7;10;7;945;1;1;1;1;3;95;;M;4852000.0;230600.0;910
200700061353;7;10;6;930;1;1;1;1;1;370;;M;0.0;0.0;950
200700061375;7;10;19;1815;2;1;1;1;3;392;;M;4905900.0;271700.0;770
200700061410;7;10;13;1300;1;1;1;1;1;241;;M;0.0;0.0;180
200700061420;7;10;8;1415;1;2;1;1;6;207;Rue Jules Ferry;M;4699900.0;225600.0;180
200700061492;7;10;16;1145;1;2;6;1;1;303;Bld Camille Dagonneau;M;0.0;0.0;580
200700061494;7;10;15;1330;1;1;2;1;1;41;;M;0.0;0.0;470
200700061519;7;10;10;1600;1;1;1;1;1;686;;M;0.0;0.0;600
200700061539;7;10;11;1400;1;1;1;1;2;79;;M;4732700.0;102900.0;370
200700061551;7;10;16;1130;1;2;1;1;3;405;3 rue principale;M;4882900.0;803400.0;670
200700061614;7;10;4;1830;1;2;1;7;1;279;route de st marcellin;M;4550400.0;424000.0;420
200700061628;7;10;14;1830;1;2;1;1;3;157;avenue de toulouse;M;0.0;0.0;310
200700061669;7;10;23;900;1;1;6;1;3;152;;M;4853500.0;769100.0;670
200700061719;7;10;21;945;1;2;1;1;1;183;boulevard de la crête;M;0.0;0.0;950
200700061727;7;10;15;1515;1;2;1;1;1;100;intersection rue Chanter;M;0.0;0.0;690
200700061738;7;10;3;1915;5;2;6;2;3;53;snr, SAINT ROCH (RUE);;;;10
200700061742;7;10;18;1220;1;1;2;1;3;289;SNR, LENT ( ROUTE DE );;;;10
200700061746;7;10;15;1730;1;2;1;1;3;283;12, ROUSSEAU (JEAN JACQU;;;;10
200700061751;7;10;4;1128;1;2;1;1;3;168;EXPRESS (VOIE) 04;;;;20
200700061752;7;10;17;1325;1;1;1;2;3;168;SOISSONS (ROUTE DE) D1;;;;20
200700061810;7;10;4;1820;1;2;1;1;2;27;37, PLAGE BOULEVARD DE L;;;;60
200700061817;7;10;13;955;1;2;3;1;3;27;PLAGE BOULEVARD DE LA;;;;60
200700061823;7;10;19;735;2;2;1;1;3;123;1009, BARONNE ROUTE DE L;;;;60
200700061882;7;10;17;1315;1;2;1;1;3;69;20, PLAN (ROUTE DU) -D30;;;;60
200700061904;7;10;30;1045;1;2;1;1;7;69;x, PEGOMAS (ROUTE DE);;;;60
200700061944;7;10;7;1130;1;2;1;1;3;88;37, JOLY (CORNICHE ANDRE;;;;60
200700061946;7;10;7;1910;5;2;1;1;2;88;0, POMPIDOU (BD GEORGES);;;;60
200700061949;7;10;8;1120;1;2;1;1;3;88;12, LIBERTE (R. DE LA);;;;60
200700061953;7;10;9;845;1;2;1;1;6;88;65, CESSOLE (BD DE) (JUS;;;;60
200700061983;7;10;13;1105;1;2;1;1;3;88;56, TURIN (RTE DE);;;;60
200700062037;7;10;22;950;1;2;3;1;3;88;CANAVESE (RUE JEAN);;;;60
200700062095;7;10;11;1745;1;2;1;1;2;225;24, JEU DU MAIL AVENUE D;;;;90
200700062098;7;10;2;1715;1;2;1;1;2;387;4, GEORGES POMPIDOU (RUE;;;;100
200700062109;7;10;16;850;1;2;9;1;6;387;000, PLANCHE DES PRES (R;;;;100
200700062110;7;10;18;1605;1;2;1;1;3;325;000, FERNAND SASTRE (RUE;;;;100
200700062112;7;10;20;1750;2;2;2;1;3;387;000, GAMBETTA (RUE);;;;100
200700062131;7;10;23;825;1;2;1;1;3;262;1, PYRENEES (PLACE ET AV;;;;110
200700062150;7;10;19;1720;1;1;1;1;2;1;ANTONELLE (CHEMIN D');;;;130
200700062154;7;10;1;1545;1;2;1;1;2;4;21, RN 453;;;;130
200700062163;7;10;22;740;2;2;6;1;2;4;LIEUTENANT COLONEL MARCE;;;;130
200700062166;7;10;24;1715;1;2;3;1;3;4;COSTE BASSE ROUTE DE;;;;130
200700062243;7;10;6;1215;1;2;3;1;3;55;MICHELET (BOULEVARD);;;;130
200700062254;7;10;3;1335;1;2;6;1;6;55;AVIATEUR LE BRIX (RUE);;;;130
200700062295;7;10;20;450;5;2;2;1;3;55;NATIONAL (BOULEVARD);;;;130
200700062301;7;10;2;715;1;2;3;1;3;55;LIBERATION (BOULEVARD);;;;130
200700062326;7;10;13;2000;5;2;1;1;1;55;COLGATE (TRAVERSE);;;;130
200700062351;7;10;19;2315;5;2;1;1;2;55;30, CHARLES LIVON (BOULE;;;;130
200700062469;7;10;23;1800;1;2;1;1;3;55;184, RABATAU (BOULEVARD);;;;130
200700062532;7;10;6;1830;1;2;1;1;3;77;VELLA PAUL (rue);;;;130
200700062539;7;10;14;1145;1;2;1;1;3;56;TOULMOND LUCIEN;;;;130
200700062549;7;10;7;15;3;1;1;1;6;103;RN 113;;;;130
200700062591;7;10;19;1810;1;2;3;1;1;118;06, LEMAITRE (RUE CHARLE;;;;140
200700062608;7;10;31;1445;1;1;1;1;6;15;BORDEAUX (ROUTE DE N° PA;;;;160
200700062611;7;10;6;1520;1;2;1;1;5;299;172990043, BENES RUE;;;;170
200700062622;7;10;3;1804;1;2;1;1;2;291;LA ROCHELLE   ROUTE DE;;;;170
200700062629;7;10;10;1530;1;2;1;2;2;300;MOULIN   PONT JEAN;;;;170
200700062630;7;10;11;1625;1;2;1;1;3;300;79, GUITON   AVENUE JEAN;;;;170
200700062631;7;10;12;835;1;2;2;1;3;300;75, ROMPSAY   AVENUE DE;;;;170
200700062632;7;10;12;1405;1;2;1;1;3;300;MAUBEC   QUAI;;;;170
200700062633;7;10;12;1535;1;2;1;1;6;300;001, LECLERC   AVENUE DU;;;;170
200700062635;7;10;15;1125;1;2;1;1;6;300;35, AMERIQUES   AVENUE D;;;;170
200700062636;7;10;16;1010;1;2;1;1;6;300;FOLLETIER  RUE FRANÇOIS;;;;170
200700062637;7;10;18;750;5;2;6;1;6;300;CIMETIERE   AVENUE DU;;;;170
200700062645;7;10;21;1440;1;2;1;1;6;300;34, MONTREAL   RUE DE;;;;170
200700062650;7;10;22;1658;1;2;1;1;3;300;CHAMP DE MARS   AVENUE D;;;;170
200700062652;7;10;25;1211;1;2;1;1;2;200;VENDOME   RUE DU MOULIN;;;;170
200700062656;7;10;29;2145;5;2;1;1;1;300;87, GUITON   AVENUE JEAN;;;;170
200700062660;7;10;2;2035;3;1;1;1;2;306;0, EXPRESS (VOIE);;;;170
200700062671;7;10;13;1605;1;2;1;1;3;415;DUFAURE AVENUE JULES;;;;170
200700062688;7;10;17;1220;1;2;1;2;6;33;SANS, MARCEAU (RAMPE);;;;180
200700062691;7;10;27;1058;1;2;6;8;3;205;REPUBLIQUE (AVENUE DE LA;;;;180
200700062724;7;10;8;1349;1;2;3;1;2;231;6, STRASBOURG (DE) (BOUL;;;;210
200700062727;7;10;9;1728;1;2;3;1;3;355;26, DIJON (DE) (ROUTE);;;;210
200700062733;7;10;11;1850;5;2;3;1;3;231;LAMONNOYE (RUE);;;;210
200700062773;7;10;7;800;1;2;1;1;3;278;MAZIER (ANTOINE);;;;220
200700062787;7;10;28;1525;1;2;1;1;7;215;0, RD 712;;;;220
200700062833;7;10;23;1257;1;2;1;1;3;56;28, ROUSSEL RUE ROMAIN;;;;250
200700062836;7;10;26;1158;1;2;3;1;3;56;1, DORNIER RUE;;;;250
200700062852;7;10;2;750;1;2;2;1;6;57;2532  (NATIONALE);;;;260
200700062859;7;10;19;1000;1;2;6;1;6;281;MAQUIS (AVENUE DU);;;;260
200700062861;7;10;25;1755;1;2;2;1;3;281;JAURES JEAN (PLACE);;;;260
200700062866;7;10;1;1740;1;2;4;1;3;362;QUIOT RUE;;;;260
200700062876;7;10;12;1800;1;2;2;1;3;299;8, PAGNOL (RUE MARCEL);;;;270
200700062877;7;10;15;2010;2;2;1;1;3;299;46, BRIAND (AVENUE ARIST;;;;270
200700062907;7;10;17;1628;1;2;1;1;3;85;29, BOURGNEUF (RUE DU);;;;280
200700062928;7;10;9;1715;1;2;1;1;6;19;., COLLET YVES (DE 27 ET;;;;290
200700062940;7;10;24;1212;1;2;1;1;6;19;., GOUESNOU (DE 221 ET 2;;;;290
200700062951;7;10;10;1505;1;2;1;2;3;7;6, LARMINAT (AVE);;;;300
200700062955;7;10;6;850;1;2;2;1;3;32;MARECHAL FOCH;;;;300
200700062961;7;10;1;2045;5;2;1;1;3;189;...., FAITA VINCENT (RUE;M;4384042.0;436536.0;300
200700062986;7;10;31;1025;1;2;3;1;3;189;...., BEAUCAIRE (ROUTE);M;4383807.0;437688.0;300
200700062990;7;10;20;1750;1;2;3;1;3;351;RAVOUX AVENUE PAUL;;;;300
200700063002;7;10;1;1114;1;2;1;1;3;555;6, RUE DES SAULES;;;;310
200700063041;7;10;11;752;1;2;1;1;6;555;5, CHE CASSAING;;;;310
200700063043;7;10;11;1740;1;2;1;1;6;555;25, RUE DU LANGUEDOC;;;;310
200700063047;7;10;12;1910;1;2;1;1;3;555;999, RUE THEODORE OZENNE;;;;310
200700063083;7;10;23;730;5;2;1;1;6;555;999, ROND POINT DE LA CA;;;;310
200700063085;7;10;23;820;1;2;1;1;3;555;999, RTE DE SAINT SIMON;;;;310
200700063086;7;10;23;1110;1;2;1;1;3;555;999, AV DE LAVAUR;;;;310
200700063098;7;10;25;1050;1;2;3;1;6;555;999, CHEMINEMENT HENRI B;;;;310
200700063099;7;10;25;1810;1;2;1;1;6;555;52, RUE D ALSACE LORRAIN;;;;310
200700063126;7;10;5;1010;1;2;6;1;3;557;0, JAURES (AV JEAN);;;;310
200700063127;7;10;5;1745;1;2;1;1;3;557;50, MARQUISAT (AV DU);;;;310
200700063134;7;10;10;805;1;2;3;2;2;529;SAINT-EXUPERY (AVE);;;;330
200700063140;7;10;2;1745;1;2;2;1;6;63;CRS MARECHAL JUIN;;;;330
200700063144;7;10;3;1350;1;2;2;1;3;63;BD PIERRE 1ER;;;;330
200700063145;7;10;3;1249;1;2;1;1;3;63;19, RUE EDMOND MICHELET;;;;330
200700063162;7;10;3;722;5;2;1;1;3;69;162, AVE PRESIDENT ROBER;;;;330
200700063169;7;10;9;1730;1;2;2;1;6;63;BD GEORGE V;;;;330
200700063170;7;10;9;805;1;2;3;1;3;63;RUE COLETTE;;;;330
200700063175;7;10;10;2000;5;2;6;1;3;63;RUE CHARLES DOMERCQ;;;;330
200700063177;7;10;11;1230;1;2;2;1;3;63;RUE LEBERTHON;;;;330
200700063183;7;10;12;815;1;2;2;1;3;63;RUE TANESSE;;;;330
200700063199;7;10;16;855;1;2;7;1;2;63;PCE RAVESIES;;;;330
200700063205;7;10;16;1815;1;2;3;1;3;63;QUAI DE LA MONNAIE;;;;330
200700063220;7;10;16;1820;1;2;3;1;3;522;CRS MARECHAL GALLIENI;;;;330
200700063231;7;10;18;1700;1;2;1;1;1;522;264, CRS DE LA LIBERATIO;;;;330
200700063241;7;10;25;2200;5;2;1;1;3;63;88, BD MARECHAL LECLERC;;;;330
200700063245;7;10;26;905;1;2;2;1;2;63;RUE MARCEAU;;;;330
200700063252;7;10;25;1745;1;2;2;1;3;249;AVE DE PARIS;;;;330
200700063257;7;10;25;759;5;2;2;1;3;39;411, RTE DE TOULOUSE;;;;330
200700063271;7;10;12;1610;1;2;2;1;3;3;POMPIDOU (H12 A 14;;;;340
200700063272;7;10;1;1030;1;1;2;2;3;32;ROUTE DE MARAUSSAN (RD.1;;;;340
200700063273;7;10;1;1405;1;2;6;1;3;336;MEDITERRANEE (ROND POINT;;;;340
200700063305;7;10;18;830;1;2;2;1;3;32;MISTRAL FREDERIC (BD);;;;340
200700063383;7;10;5;1120;1;2;6;1;3;238;00, FORCES FRANCAISES DE;;;;350
200700063384;7;10;6;1635;1;2;1;1;3;238;00, ISLY (RUE D');;;;350
200700063399;7;10;19;750;2;2;2;1;3;238;00, LEGRAVEREND;;;;350
200700063400;7;10;19;715;5;2;2;1;3;238;00, SEVIGNE (BD DE);;;;350
200700063411;7;10;25;855;1;2;1;1;3;238;4, FEVAL (PAUL);;;;350
200700063419;7;10;27;1816;1;2;1;8;2;238;11, PORTUGAL (BD DU);;;;350
200700063421;7;10;28;1400;1;2;3;1;2;238;00, DINAN (DE);;;;350
200700063435;7;10;3;1205;1;2;1;1;3;44;66, VAUGIRARD (DE);;;;360
200700063440;7;10;3;1613;1;2;1;1;3;44;MONTAIGNE;;;;360
200700063465;7;10;19;1550;1;2;6;1;3;122;VERDUN (RUE DE);;;;370
200700063467;7;10;1;1100;1;2;2;1;3;261;HEURTELOUP (BOULEVARD);;;;370
200700063471;7;10;3;750;1;2;1;1;3;185;00, JEAN JAURES (COURS);;;;380
200700063474;7;10;5;2135;5;2;1;9;1;151;00, CHARLES (RUE GEO);;;;380
200700063478;7;10;12;700;1;2;1;1;6;185;72, MARTYRS (RUE DES);;;;380
200700063490;7;10;19;650;4;2;1;1;3;421;00, LANGEVIN (RUE P.);;;;380
200700063492;7;10;19;815;1;2;1;1;6;185;26, VALMY (AVENUE DE);;;;380
200700063499;7;10;25;930;1;2;2;1;3;185;00, SAINTE URSULE (RUE);;;;380
200700063506;7;10;29;605;5;2;3;1;6;169;00, DRAC (QUAI DU);;;;380
200700063513;7;10;13;1855;1;2;1;1;3;88;HUGO (AVENUE VICTOR);;;;400
200700063521;7;10;17;732;5;2;3;1;2;192;9, GOBERT (RUE DU DOCTEU;;;;400
200700063530;7;10;10;1400;1;2;1;1;3;212;D 956;;;;410
200700063537;7;10;19;1553;1;2;1;1;3;18;BEGON (RUE MICHEL )  SAU;;;;410
200700063583;7;10;8;800;1;2;1;1;6;218;CHARCOT DOCTEURS JUSQU'A;;;;420
200700063591;7;10;16;1545;1;2;7;1;6;218;FOY GENERAL;;;;420
200700063598;7;10;27;2000;3;2;6;1;6;218;000000001, NEYRET JEAN;;;;420
200700063612;7;10;4;835;2;2;3;8;3;109;BOULEVARD DE LA BEAUJOIR;;;;440
200700063645;7;10;15;805;5;2;1;1;6;190;48, RUE DE L'OUCHE COLIN;;;;440
200700063652;7;10;27;615;5;2;2;1;6;109;BOULEVARD ALLARD;;;;440
200700063664;7;10;1;1645;1;2;1;1;3;184;VERT (CHEMIN);;;;440
200700063690;7;10;11;1700;1;2;1;1;6;234;5, CHEVAL ROUGE (RUE DU;;;;450
200700063693;7;10;17;1958;5;2;3;1;6;232;1, SOURCE (RUE DE LA);;;;450
200700063695;7;10;17;2000;3;2;6;1;3;234;PETIT PONT (RUE DU );;;;450
200700063701;7;10;23;1220;1;2;3;1;3;284;27, PERGAUD (RUE LOUIS);;;;450
200700063709;7;10;30;1625;1;2;1;1;6;302;598, MONTARAN (RUE DE);;;;450
200700063719;7;10;8;750;1;2;6;8;6;323;REVOLUTION (PLACE DE LA);;;;470
200700063731;7;10;7;2008;5;2;1;1;2;7;67, RECOUVREUR;;;;490
200700063733;7;10;8;1349;1;2;1;1;7;7;28 BIS, ROI RENE BOULEVA;;;;490
200700063741;7;10;11;1839;1;2;1;1;7;267;24, CHAMP DE LA LOUVE;;;;490
200700063745;7;10;14;1349;1;2;2;1;6;7;0, DUNANT BOULEVARD;;;;490
200700063758;7;10;20;2250;5;2;1;1;7;7;0, GAUTIER RUE ET SQUARE;;;;490
200700063769;7;10;26;855;1;2;1;1;6;7;0, ARBRISSEL;;;;490
200700063774;7;10;26;1636;1;2;1;1;6;7;78, VOLNEY;;;;490
200700063790;7;10;8;1800;1;2;1;1;2;129;108, VAL DE SAIRE (RUE D;;;;500
200700063799;7;10;18;1810;1;2;1;1;2;602;61, ARTISANS (RUE DES);;;;500
200700063808;7;10;19;1825;1;2;6;1;6;502;PARIS;;;;500
200700063839;7;10;3;1655;1;2;1;1;3;448;1, BARBAUX (RUE ANDRE) I;;;;520
200700063844;7;10;11;1300;1;2;1;1;6;130;194, TRAPPISTINES ( BOUL;;;;530
200700063860;7;10;4;1335;1;2;1;1;3;25;CHARTREUSE (AVENUE DE LA;;;;540
200700063862;7;10;5;1245;1;2;3;1;2;395;19, BERTIN (RUE EMILE);;;;540
200700063890;7;10;18;840;1;2;4;1;1;395;2, FAUBOURG DES TROIS MA;;;;540
200700063895;7;10;23;900;1;2;1;1;3;395;4/6 bis, VOIRIN (RUE DES;;;;540
200700063925;7;10;11;853;1;2;1;1;2;121;0, DE GAULLE ( AVE DU GE;;;;560
200700063934;7;10;20;1905;1;2;1;1;7;121;41, MONISTROL (RUE);;;;560
200700063950;7;10;25;750;5;2;1;1;1;260;., RACKER(GIRATOIRE DU);;;;560
200700063956;7;10;3;835;1;2;1;1;7;463;00, HAUTS PEUPLIERS (RUE;;;;570
200700063963;7;10;11;1740;1;2;1;1;6;480;00, FRESCATY (RUE DE );;;;570
200700063985;7;10;10;1815;1;2;1;1;6;221;LORRAINE (AVENUE DE);;;;570
200700064014;7;10;4;1055;1;1;3;1;3;43;LILLE (ROUTE DE);;;;590
200700064028;7;10;22;950;1;2;1;1;6;540;0.000, SALENGRO ROGER;;;;590
200700064030;7;10;30;910;1;2;1;1;7;183;42, GEERAERT ADOLPHE - A;;;;590
200700064059;7;10;12;735;2;2;3;5;3;378;FOCH AVENUE N°2-130;;;;590
200700064061;7;10;14;120;5;2;2;1;6;350;AGACHES RUE 7;;;;590
200700064063;7;10;14;1845;4;2;1;1;3;378;COUTURE RUE DE LA;;;;590
200700064066;7;10;12;1225;1;2;3;1;3;350;001, PARIS RUE N° RESTE;;;;590
200700064068;7;10;17;1100;1;2;2;2;3;360;PARE AMBROISE RUE;;;;590
200700064076;7;10;18;1730;1;2;1;1;6;378;837, REPUBLIQUE AV DE LA;;;;590
200700064079;7;10;19;1200;1;2;2;1;6;328;COLISEE AVENUE DU;;;;590
200700064093;7;10;24;1520;1;2;4;1;2;350;13, VALLES JULES RUE;;;;590
200700064098;7;10;25;1245;1;2;1;1;2;350;DORMOY MARX AVENUE;;;;590
200700064102;7;10;28;1945;5;2;1;1;6;350;02 BIS, MICHELET PLACE;;;;590
200700064104;7;10;31;750;1;2;1;1;1;360;001, MOCQUET GUY RUE;;;;590
200700064105;7;10;31;1145;1;2;1;1;6;507;4, CLEMENCEAU RUE;;;;590
200700064109;7;10;24;935;1;2;1;1;6;350;13, MOSELLE BOULEVARD N°;;;;590
200700064116;7;10;1;1753;1;1;1;2;2;365;JULES GALLOIS (RUE);;;;590
200700064132;7;10;18;1815;1;2;2;1;1;299;MARNE (AVENUE DE);;;;590
200700064144;7;10;26;1520;1;2;1;1;6;512;LACORDAIRE;;;;590
200700064147;7;10;25;745;5;2;1;3;7;512;DUNANT (RUE HENRI);;;;590
200700064165;7;10;16;1650;1;2;1;1;6;279;83, LILLE (RUE DE);;;;590
200700064171;7;10;20;1710;1;2;1;7;3;599;261, PARIS (RUE DE);;;;590
200700064214;7;10;25;1500;1;2;2;1;3;516;CIRCONSCRIPTION;;;;620
200700064220;7;10;2;1750;1;2;3;8;6;119;1, FAIENCERIE ( RUE DE L;;;;620
200700064233;7;10;29;1105;1;2;1;2;6;193;COSTES ET BELLONTE;;;;620
200700064238;7;10;28;1625;1;2;1;1;3;637;12, RENAN (R ERNEST);;;;620
200700064243;7;10;29;2135;5;2;3;2;3;427;0, ABBAYE (R DE L' );;;;620
200700064247;7;10;18;1150;1;2;3;2;3;895;sans, DOUVES (R DES);;;;620