Num_Acc;an;mois;jour;hrmn;lum;agg;int;atm;col;com;adr;gps;lat;long;dep
200700064248;7;10;18;1210;1;2;2;1;3;498;sans, BASSEE (RTE DE LA);;;;620
200700064258;7;10;24;800;2;2;1;2;1;563;., LAMARTINE (R );;;;620
200700064279;7;10;12;2250;5;2;1;1;6;113;51, ETATS-UNIS (AVENUE D;;;;630
200700064284;7;10;14;1700;1;2;1;1;3;113;1, REPUBLIQUE (AVENUE DE;;;;630
200700064288;7;10;17;1222;1;2;1;1;7;113;7, OVIEDO (RUE D');;;;630
200700064295;7;10;19;1000;1;2;1;1;3;113;1, PASTEUR (BD);;;;630
200700064354;7;10;8;1700;1;2;1;1;3;445;13, DOYEN ROBERT POPLAWS;;;;640
200700064358;7;10;12;850;1;2;2;1;3;445;., ORLEANS D';;;;640
200700064360;7;10;13;945;1;2;1;1;3;445;0, ALSACE LORRAINE D';;;;640
200700064364;7;10;15;1740;1;2;2;1;3;445;., LOUP DU;;;;640
200700064369;7;10;20;915;1;2;6;1;3;445;1, LEON BERARD;;;;640
200700064373;7;10;24;1815;1;2;1;1;3;445;0, RICHELIEU;;;;640
200700064387;7;10;28;1040;1;1;1;1;3;189;BRETELLE DE SOCOA RD 913;;;;640
200700064400;7;10;15;1705;1;2;6;1;3;440;., SEPTEMBRE (RUE DU IV);;;;650
200700064410;7;10;26;1755;1;2;6;1;3;440;., SEDE (ROND-POINT DE L;;;;650
200700064431;7;10;3;1430;1;2;2;1;2;482;INGOLD (RUE);;;;670
200700064436;7;10;5;945;1;2;3;1;3;482;0, HAGUENAU (PLACE DE);;;;670
200700064447;7;10;12;940;1;2;3;1;3;482;ROBERTSAU (ALLEE DE LA);;;;670
200700064450;7;10;14;1445;1;2;2;1;3;482;VOSGES (AVENUE DES);;;;670
200700064453;7;10;16;1410;1;2;1;1;6;482;9, VAUBAN (RUE);;;;670
200700064456;7;10;17;725;2;2;1;1;3;482;00, LOUIS PASTEUR (QUAI);;;;670
200700064462;7;10;19;1900;5;2;1;1;3;482;OBERHAUSBERGEN (ROUTE D;;;;670
200700064466;7;10;23;825;1;2;2;1;3;482;PORTE DE L HOPITAL (RUE;;;;670
200700064470;7;10;24;1900;5;2;2;1;3;482;REMPART (RUE DU);;;;670
200700064472;7;10;25;1155;1;2;1;1;3;482;0, ERNEST BEVIN (QUAI);;;;670
200700064477;7;10;28;145;5;2;1;1;2;482;01, POLYGONE (ROUTE DU);;;;670
200700064478;7;10;30;1325;1;1;2;1;3;482;THIERGARTEN (RUE DU);;;;670
200700064479;7;10;30;1525;1;2;2;1;3;482;0, MARAIS VERT (RUE DU);;;;670
200700064485;7;10;17;1251;1;2;1;1;1;66;11, JOFFRE (AVENUE);;;;680
200700064489;7;10;7;1530;1;2;3;1;3;112;1, NOIR (CHEMIN);;;;680
200700064491;7;10;16;1605;1;2;2;1;3;112;20, GENERAL DE GAULLE (R;;;;680
200700064504;7;10;26;1159;1;2;1;1;3;224;145, NATIONS (BOULEVARD;;;;680
200700064510;7;10;29;1735;5;2;1;1;6;271;24b, GAULLE (RUE DU GENE;;;;680
200700064550;7;10;3;1755;1;2;1;3;6;266;1, BRETELLE 6 PORTE DE C;;;;690
200700064551;7;10;9;1755;1;2;6;1;3;266;1, RUE MICHEL DUPEUBLE;;;;690
200700064555;7;10;6;1150;1;2;2;1;6;266;1, RUE ANTONIN PERRIN;;;;690
200700064561;7;10;25;1700;1;2;1;1;3;275;RUE PAUL CEZANNE;;;;690
200700064574;7;10;13;1215;1;2;1;7;2;207;64, PASTEUR (AVENUE);;;;700
200700064580;7;10;1;1130;1;2;3;1;3;153;., PUDDLEURS (RUE DES);;;;710
200700064598;7;10;26;905;1;1;6;1;3;270;EUROPE (CARREFOUR DE L');;;;710
200700064614;7;10;8;1200;1;2;1;1;7;181;ROOSEVELT FRANKLIN (PL);;;;720
200700064621;7;10;13;1500;1;2;3;1;3;181;MONTHEARD (RUE DE);;;;720
200700064628;7;10;16;2035;5;2;1;1;6;181;GENESLAY FELIX (AV) N° I;;;;720
200700064638;7;10;22;1405;1;2;1;1;6;181;3, MOZART (AV);;;;720
200700064640;7;10;24;1620;1;2;1;1;1;181;315, RUAUDIN (RUE) N° IM;;;;720
200700064641;7;10;24;1615;1;2;1;1;3;181;RIVIERE (RUE DE LA)  N°;;;;720
200700064643;7;10;24;1730;1;2;1;1;6;181;31, CHAMPION HENRI (RUE);;;;720
200700064651;7;10;2;1705;1;2;1;1;2;8;2, GRAND PORT (JUSQU'A L;;;;730
200700064665;7;10;21;1415;1;2;3;1;3;218;GOLF (BOULEVARD DU);;;;740
200700064667;7;10;11;1755;1;2;1;1;3;217;1, CLEMENCEAU (BOULEVARD;;;;760
200700064676;7;10;23;1200;1;2;2;1;3;165;57, HUGO. RUE VICTOR;;;;760
200700064710;7;10;22;1725;1;2;1;1;3;575;CANADIENS. AVENUE DES;;;;760
200700064798;7;10;30;1845;5;2;3;1;3;514;FAUVETTES (AVENUE DES);;;;770
200700064810;7;10;17;1830;1;2;1;1;3;383;DEPARTEMENTALE 13 (ROUTE;;;;780
200700064817;7;10;18;1705;1;2;1;1;3;423;GIDE (RUE ANDRE);;;;780
200700064847;7;10;6;1430;1;2;6;1;2;165;MASSENET (RUE);;;;780
200700064848;7;10;14;910;1;2;1;1;3;490;1, PRESSOIR (AVENUE DU);;;;780
200700064850;7;10;22;1205;1;2;6;1;3;165;BARBUSSE (AVENUE HENRY);;;;780
200700064867;7;10;26;1135;1;2;6;1;3;517;ORPHIN (RUE D');;;;780
200700064877;7;10;14;1655;1;2;2;1;3;586;VILLOING (ROBERT) N°1 A;;;;780
200700064887;7;10;18;850;1;2;3;1;3;640;MORANE-SAULNIER (AVENUE);;;;780
200700064888;7;10;21;1215;1;2;1;1;6;322;PETIT ROBINSON (RUE DU);;;;780
200700064900;7;10;26;1745;2;2;2;1;3;646;0, GENERAL DE GAULLE (AV;;;;780
200700064905;7;10;7;1530;1;2;1;1;2;158;ROCQUENCOURT (AVENUE DE);;;;780
200700064906;7;10;9;1850;1;2;1;1;1;81;47, VALLEE (RUE DE LA );;;;790
200700064918;7;10;3;1300;1;2;1;2;2;21;0, CLOITRE DE LA BARGE (;;;;800
200700064925;7;10;11;735;2;2;1;1;6;489;125, HENRI BARBUSSE (RUE;;;;800
200700064933;7;10;19;1200;1;2;2;1;3;21;0, DURY (BOULEVARD DE);;;;800
200700064938;7;10;24;750;1;2;1;1;3;21;11, MARC SANGNIER (RUE);;;;800
200700064957;7;10;12;1055;1;2;1;1;3;65;59, VITTOZ (BD.RAYMOND);;;;810
200700064987;7;10;18;1830;1;2;1;1;1;61;159, AVENUE VICTOR HUGO;;;;830
200700065000;7;10;16;1945;5;2;3;1;1;126;MAZEN (AV DU DOCTEUR);;;;830
200700065011;7;10;2;1145;1;2;3;1;3;137;INFANTERIE DE MARINE (AV;;;;830
200700065044;7;10;6;1655;1;2;3;1;1;7;CARDINAL BERTRAND (Cours;;;;840
200700065045;7;10;8;720;1;2;1;1;3;7;TARASCON;;;;840
200700065056;7;10;25;1355;1;2;3;1;3;7;PIERRE SEMARD (avenue);;;;840
200700065080;7;10;3;1330;1;1;6;2;3;66;PILA (ROND POINT DE);;;;860
200700065089;7;10;7;1105;1;2;6;1;3;194;FAUBOURG PONT NEUF (RUE;;;;860
200700065104;7;10;1;1448;1;2;1;1;2;85;1, PECHIERAS (RUE RENE);;;;870
200700065106;7;10;2;1646;1;2;1;1;7;50;RD125;;;;870
200700065111;7;10;4;1317;1;2;1;1;3;85;32, BUISSON (RUE FERDINA;;;;870
200700065114;7;10;5;1626;1;2;2;1;3;85;90, SAINT MARTIAL (QUAI);;;;870
200700065160;7;10;27;1421;1;1;1;1;6;75;RN 21;;;;870
200700065191;7;10;10;1440;1;2;1;1;3;10;23, DUNANT (BOULEVARD HE;;;;900
200700065194;7;10;12;1650;1;2;1;1;2;10;1, GROS (RUE ENGEL);;;;900
200700065203;7;10;20;1820;1;2;3;1;3;39;DE GAULLE (RUE DU GENERA;;;;900
200700065220;7;10;10;1130;1;2;1;1;1;114;BRIE (ROUTE DE);;;;910
200700065221;7;10;10;1700;1;2;6;1;3;514;2,00, BRUNOY (RUE DE);;;;910
200700065228;7;10;13;1430;1;2;1;1;3;174;0, 08 MAI 1945 (AVENUE);;;;910
200700065294;7;10;20;1715;1;2;3;1;3;645;14, allée des meuniers;;;;910
200700065320;7;10;23;1045;1;2;3;1;6;7;74, RAVERA (AVENUE HENRI;;;;920
200700065340;7;10;19;845;1;2;2;1;1;32;BOUCICAUT (RUE);;;;920
200700065369;7;10;11;1720;1;2;1;1;3;26;47, EUROPE ( AVENUE DE L;;;;920
200700065373;7;10;15;650;2;2;2;1;6;26;VERDUN (DE 62 A FIN);;;;920
200700065394;7;10;18;810;1;2;1;1;6;40;32, GAMBETTA (BOULEVARD);;;;920
200700065398;7;10;1;1905;2;2;1;2;6;44;03, LOUIS ROUQUIER(RUE);;;;920
200700065409;7;10;24;1216;1;2;1;1;3;44;92 BIS, ED.VAILLANT(RUE);;;;920
200700065410;7;10;24;1820;1;2;2;1;3;44;34, ED. VAILLANT(RUE) 1A;;;;920
200700065415;7;10;17;835;1;2;3;1;3;48;., ROBERT SCHUMAN (AVENU;;;;920
200700065442;7;10;31;915;1;2;1;1;3;20;25, EXUPERY AVENUE SAINT;;;;920
200700065455;7;10;5;1140;1;2;1;1;3;50;JOFFRE MARECHAL AVENUE D;;;;920
200700065504;7;10;14;1420;1;2;1;1;3;22;., SALENGRO (AVENUE ROGE;;;;920
200700065521;7;10;9;1645;1;2;1;1;2;46;87, rue guy moquet;;;;920
200700065534;7;10;26;730;2;2;2;1;7;62;1, GENERAL DE GAULLE (AV;;;;920
200700065550;7;10;5;800;2;2;2;1;3;5;NR, JEAN JACQUES ROUSSEA;;;;930
200700065552;7;10;15;1600;1;2;3;1;3;5;MARECHAL JUIN (AVENUE DU;;;;930
200700065559;7;10;16;1535;1;2;1;1;2;7;VLADIMIR I. LENINE (DU 5;;;;930
200700065583;7;10;27;1345;1;2;1;1;1;10;ignore, DASSAULT (RUE MA;;;;930
200700065613;7;10;18;1925;4;2;3;1;3;31;10, FOCH (BOULEVARD);;;;930
200700065653;7;10;18;845;1;2;2;1;1;46;, JEAN JAURES BOULEVARD;;;;930
200700065677;7;10;6;1420;1;2;1;1;2;49;119, MARECHAL FOCH (AVEN;;;;930
200700065729;7;10;6;1230;1;2;2;1;6;66;DIX NEUF MARS 1962;;;;930
200700065757;7;10;31;1135;1;2;2;1;3;71;NEANT, MARNE (RUE DE LA);;;;930
200700065762;7;10;23;810;1;2;6;1;3;72;ARISTIDE BRIAND (AVENUE);;;;930
200700065767;7;10;7;910;1;1;6;1;2;78;, AUTOROUTE A 104;;;;930
200700065773;7;10;25;1100;1;2;1;1;3;73;BROSSOLETTE (RUE PIERRE);;;;930
200700065832;7;10;7;1700;1;2;3;1;2;54;HAUTES BORNES (R DES);;;;940
200700065840;7;10;6;1840;1;2;1;1;6;28;0, BOULLE.(RUE ANDRE);;;;940
200700065841;7;10;5;1640;1;2;1;1;6;28;0, POUSSIN(RUE NICOLAS);;;;940
200700065850;7;10;14;1530;1;2;1;1;6;28;0, POMPADOUR(CARREFOUR);;;;940
200700065852;7;10;14;2245;5;2;1;1;6;28;0, CHOISY(ROUTE DE);;;;940
200700065854;7;10;18;1845;1;2;1;1;1;11;0, D'ORVES (rue D'Estien;;;;940
200700065870;7;10;19;550;2;2;1;1;3;33;REPUBLIQUE (AV DE LA);;;;940
200700065875;7;10;5;1855;2;2;1;1;6;37;6, EMILE BOUGARD (R);;;;940
200700065897;7;10;18;800;1;2;1;1;7;38;GABRIEL PERI (R);;;;940
200700065935;7;10;5;1755;1;2;1;1;6;68;PONT DE CRETEIL (R DU);;;;940
200700065936;7;10;11;1450;1;2;1;1;6;68;121, BAC (AV DU);;;;940
200700065938;7;10;14;855;1;2;3;1;3;68;CONDE (AV DE);;;;940
200700065960;7;10;13;2045;5;2;3;1;6;67;64, GENERAL DE GAULLE (A;;;;940
200700065982;7;10;13;250;4;2;1;1;6;18;11, JUSTICE (RUE DE LA);;;;950
200700066000;7;10;22;700;5;2;2;1;3;218;0, PIERRELAYE (RUE DE);;;;950
200700066001;7;10;21;930;1;2;1;1;7;127;33, VAUREAL (RUE DE);;;;950
200700066006;7;10;15;1400;1;2;2;1;3;210;MALLEVILLE (RUE DE);;;;950
200700066018;7;10;13;1650;1;2;1;1;6;219;STAND (RUE DU);;;;950
200700066025;7;10;6;1230;1;1;1;1;3;280;GARE (ROUTE DE LA);;;;950
200700066035;7;10;16;950;1;2;2;1;3;424;VICTOR BORDIER (BOULEVAR;;;;950
200700066059;7;10;8;1456;1;2;1;1;1;4;CAMPI LOUIS BD;;;;201
200700066081;7;10;27;840;1;1;1;1;3;4;NATIONALE 196;;;;201
200700066442;7;10;1;2005;5;2;1;1;6;383;163, AVENUE MARECHAL DE;;;;690
200700066443;7;10;6;1730;1;2;2;1;3;383;RUE LEON JOUHAUX;;;;690
200700066511;7;10;10;2015;5;2;1;1;6;387;2, ROUTE DE VIENNE;;;;690
200700066520;7;10;2;1730;1;2;2;1;3;388;AVENUE GENERAL FRERE;;;;690
200700066660;7;10;12;1240;1;2;1;1;3;101;2, RUE DE TURBIGO;;;;750
200700066661;7;10;12;1340;1;2;1;1;3;101;202, RUE SAINT HONORE;;;;750
200700066663;7;10;12;1815;1;2;1;1;2;101;PONT DU CARROUSEL;;;;750
200700066664;7;10;14;1835;1;2;1;1;3;101;162, RUE DE RIVOLI;;;;750
200700066667;7;10;16;1530;1;2;1;1;4;101;QUAI DES TUILERIES;;;;750
200700066674;7;10;24;1735;1;2;1;1;3;101;3, BOULEVARD DE LA MADEL;;;;750
200700066689;7;10;22;1725;1;2;1;1;2;102;21, BOULEVARD POISSONNIE;;;;750
200700066693;7;10;5;1758;1;2;1;1;2;103;17, RUE REAUMUR;;;;750
200700066700;7;10;23;1655;1;2;1;1;3;103;62, RUE DU TEMPLE;;;;750
200700066706;7;10;7;116;5;2;1;1;3;104;13, RUE SAINT ANTOINE;;;;750
200700066708;7;10;8;1700;1;2;1;1;3;104;16, QUAI DE GESVRES;;;;750
200700066710;7;10;11;1915;5;2;1;1;6;104;32, QUAI DES CELESTINS;;;;750
200700066713;7;10;15;1028;1;2;1;1;3;104;1, BOULEVARD HENRI IV;;;;750
200700066716;7;10;18;1955;5;2;1;1;6;104;37, BOULEVARD HENRI IV;;;;750
200700066717;7;10;19;1905;5;2;1;1;6;104;PLACE DES VOSGES;;;;750
200700066719;7;10;25;1710;1;2;1;8;7;104;PONT AU CHANGE;;;;750
200700066725;7;10;2;850;1;2;1;1;3;105;RUE DES FOSSES SAINT BER;;;;750
200700066732;7;10;10;1805;1;2;2;1;3;105;RUE CLAUDE BERNARD;;;;750
200700066739;7;10;18;1130;1;2;1;1;3;105;51, RUE MONGE;;;;750
200700066744;7;10;23;735;2;2;1;1;7;105;PONT PETIT PONT;;;;750
200700066748;7;10;27;1720;1;2;1;1;5;105;QUAI SAINT MICHEL;;;;750
200700066760;7;10;16;1830;2;2;1;1;2;106;10, PLACE SAINT SULPICE;;;;750
200700066777;7;10;5;825;1;2;1;1;3;107;33, QUAI D ORSAY;;;;750
200700066788;7;10;18;1325;1;2;2;1;6;107;RUE DU BAC;;;;750
200700066789;7;10;19;825;1;2;1;1;6;107;129, RUE DE GRENELLE;;;;750
200700066797;7;10;3;1527;1;2;1;1;3;108;RUE SAINT LAZARE;;;;750
200700066803;7;10;7;1230;1;2;1;1;3;108;41, RUE DE SAINT PETERSB;;;;750
200700066805;7;10;9;1710;1;2;1;8;6;108;PLACE DE LA CONCORDE;;;;750
200700066809;7;10;12;1400;1;2;1;1;7;108;, BOULEVARD DE COURCELLE;;;;750
200700066841;7;10;2;1945;5;2;2;2;3;109;07, BOULEVARD HAUSSMANN;;;;750
200700066845;7;10;5;1715;1;2;1;1;6;109;40, BOULEVARD HAUSSMANN;;;;750
200700066849;7;10;8;1925;5;2;1;1;3;109;29, RUE CONDORCET;;;;750
200700066853;7;10;11;1000;1;2;1;8;3;109;66, RUE LA FAYETTE;;;;750
200700066857;7;10;15;1020;1;2;1;1;6;109;22, RUE DE DOUAI;;;;750
200700066862;7;10;18;1300;1;2;1;1;2;109;20, BOULEVARD MONTMARTRE;;;;750
200700066866;7;10;23;1600;1;2;1;1;3;109;12, RUE DU FAUBOURG MONT;;;;750
200700066867;7;10;27;1330;1;2;1;8;6;109;13, RUE DROUOT;;;;750
200700066871;7;10;2;1535;1;2;1;1;7;110;QUAI DE VALMY;;;;750
200700066881;7;10;12;920;1;2;1;1;6;110;44, QUAI DE JEMMAPES;;;;750
200700066883;7;10;12;1915;5;2;1;1;3;110;23, BOULEVARD DE LA VILL;;;;750
200700066886;7;10;13;2015;5;2;1;1;6;110;62, RUE DU CHATEAU D EAU;;;;750
200700066887;7;10;14;1930;5;2;1;1;6;110;face 85, QUAI DE VALMY;;;;750
200700066890;7;10;16;1555;1;2;1;1;7;110;147, RUE DU FAUBOURG SAI;;;;750
200700066895;7;10;20;1300;1;2;1;1;3;110;24, RUE DE DUNKERQUE;;;;750
200700066903;7;10;27;1230;1;2;1;1;2;110;19, RUE DE CHABROL;;;;750
200700066906;7;10;31;1945;5;2;1;1;7;110;RUE SIBOUR;;;;750
200700066907;7;10;31;1820;5;2;2;1;6;110;116, RUE DE MAUBEUGE;;;;750
200700066913;7;10;5;1215;1;2;1;1;6;111;RUE DU FAUBOURG DU TEMPL;;;;750
200700066920;7;10;9;1355;1;2;3;1;3;111;181, RUE DE LA ROQUETTE;;;;750
200700066925;7;10;17;1100;1;2;1;8;3;111;61, AVENUE PARMENTIER;;;;750
200700066939;7;10;30;1557;1;2;1;8;6;111;230, BOULEVARD VOLTAIRE;;;;750
200700066954;7;10;5;745;2;2;1;1;7;112;81, BOULEVARD SOULT;;;;750
200700066964;7;10;9;1825;1;2;1;1;2;112;RUE DE CHARENTON;;;;750
200700066972;7;10;13;1220;1;2;1;1;3;112;159, AVENUE DAUMESNIL;;;;750
200700066974;7;10;14;107;5;2;1;1;7;112;37, RUE DE LYON;;;;750
200700066983;7;10;18;825;1;2;1;1;6;112;52, BOULEVARD DE LA BAST;;;;750
200700066985;7;10;18;1030;1;2;1;1;3;112;RUE DORIAN;;;;750
200700066999;7;10;26;1750;2;2;1;1;6;112;AVENUE DES MINIMES;;;;750
200700067012;7;10;1;1635;1;2;1;1;2;113;74, RUE JEANNE D ARC;;;;750
200700067027;7;10;11;1610;1;2;1;1;7;113;44, BOULEVARD AUGUSTE BL;;;;750
200700067030;7;10;14;1025;1;2;1;1;2;113;85, QUAI D AUSTERLITZ;;;;750
200700067033;7;10;15;1600;1;2;2;1;3;113;3, RUE NEUVE TOLBIAC;;;;750
200700067048;7;10;28;1425;1;2;1;1;1;113;9, RUE FERNAND WIDAL;;;;750
200700067070;7;10;18;845;1;2;1;1;6;114;1, BOULEVARD BRUNE;;;;750
200700067071;7;10;18;1620;1;2;1;1;3;114;71, RUE DIDOT;;;;750
200700067092;7;10;7;1430;1;2;1;1;3;115;19, QUAI DE GRENELLE;;;;750
200700067102;7;10;15;1550;1;2;1;1;3;115;177, RUE DE LA CONVENTIO;;;;750
200700067106;7;10;18;1415;1;2;1;1;6;115;13, RUE DE VOUILLE;;;;750
200700067107;7;10;19;910;1;2;2;1;3;115;69, RUE SAINT CHARLES;;;;750
200700067110;7;10;20;1515;1;2;1;1;3;115;45, RUE CAMBRONNE;;;;750
200700067142;7;10;7;1135;1;2;1;1;7;116;ROUTE DE LONGCHAMP AU BO;;;;750
200700067155;7;10;12;1340;1;2;1;1;2;116;AVENUE DE NEW YORK;;;;750
200700067162;7;10;15;1325;1;2;3;1;6;116;37, RUE RAFFET;;;;750
200700067165;7;10;17;655;5;2;3;2;3;116;CARREFOUR DES CASCADES;;;;750
200700067175;7;10;20;15;5;2;1;1;3;116;64, AVENUE DE NEW YORK;;;;750
200700067180;7;10;24;920;1;2;1;1;7;116;RUE DE BOULAINVILLIERS;;;;750
200700067186;7;10;26;1306;1;2;1;1;6;116;AVENUE DU PRESIDENT KENN;;;;750
200700067226;7;10;14;1945;3;2;1;1;6;117;02, BOULEVARD D AURELLE;;;;750
200700067255;7;10;31;1415;1;2;2;1;6;117;/72, BOULEVARD DES BATIG;;;;750
200700067257;7;10;2;1545;1;2;5;1;3;118;138, RUE DE CLIGNANCOURT;;;;750
200700067274;7;10;14;2210;5;2;3;1;6;118;BOULEVARD DE LA CHAPELLE;;;;750
200700067297;7;10;28;1355;1;2;1;1;3;118;70, BOULEVARD BARBES;;;;750
200700067302;7;10;31;1300;1;2;1;1;6;118;55, RUE MARX DORMOY;;;;750
200700067316;7;10;11;2040;5;2;1;1;3;119;140, BOULEVARD DE LA VIL;;;;750
200700067325;7;10;18;1430;1;2;1;1;3;119;108, AVENUE SIMON BOLIVA;;;;750
200700067330;7;10;22;1150;1;2;1;1;6;119;RUE DE LA MARSEILLAISE;;;;750
200700067333;7;10;23;1610;1;2;1;1;3;119;26, AVENUE CORENTIN CARI;;;;750
200700067338;7;10;26;1810;2;2;1;1;3;119;28, AVENUE SECRETAN;;;;750
200700067340;7;10;27;1445;1;2;1;8;3;119;0, PLACE DE LA BATAILLE;;;;750
200700067352;7;10;3;1950;5;2;1;1;3;120;2, BOULEVARD DAVOUT;;;;750
200700067353;7;10;4;825;1;2;1;5;6;120;100, BOULEVARD DE MENILM;;;;750
200700067359;7;10;5;1335;1;2;3;1;3;120;271, RUE DES PYRENEES;;;;750
200700067361;7;10;7;335;5;2;1;1;1;112;PONT D AUSTERLITZ;;;;750
200700067385;7;10;27;330;5;2;1;1;2;120;BOULEVARD DE BELLEVILLE;;;;750
200700067427;7;10;18;1245;1;2;4;1;3;112;QUAI DE LA RAPEE;;;;750
200700067439;7;10;26;2225;5;2;1;1;3;106;18, RUE DE L ANCIENNE CO;;;;750
200700067449;7;10;31;2050;5;2;1;1;6;111;06, RUE DE BELFORT;;;;750
200700067543;7;10;9;1800;1;2;3;1;3;646;NEANT, LOUVOIS (AVENUE);;;;780
200700067546;7;10;19;825;1;2;1;1;1;158;2 et 4, REINE AMELIE (AV;;;;780
200700067547;7;8;13;1540;1;2;1;1;6;10;KENNEDY (BOULEVARD);;;;900
200700067565;7;11;21;1510;1;2;9;1;6;722;sans, JEAN DE DORMANTS (;;;;20
200700067601;7;11;16;1600;1;2;1;1;6;4;NICE(RN.7) AV.ET RTE DE;;;;60
200700067602;7;11;13;1055;1;2;9;1;3;4;LECLERC BD MARECHAL;;;;60
200700067615;7;11;4;830;1;2;1;1;1;123;124, LECLERC GENERAL AVE;;;;60
200700067641;7;11;8;1710;2;2;1;1;3;29;VALLOMBROSA (BOULEBARD);;;;60
200700067650;7;11;14;1630;1;2;2;1;3;30;2, FERRY (RUE JULES);;;;60
200700067653;7;11;15;750;1;2;1;2;3;29;GALLIENI (AVENUE MARECHA;;;;60
200700067655;7;11;20;1730;1;2;1;1;6;29;DELAUP (RUE);;;;60
200700067709;7;11;1;1105;1;2;1;1;6;88;1, VILLERMONT (AV.);;;;60
200700067754;7;11;9;2130;5;2;1;1;3;88;0, DESAMBROIS (AV.);;;;60
200700067756;7;11;10;1615;1;2;1;1;2;88;0, ANGLAIS (A PARTIR DU;;;;60
200700067761;7;11;11;1215;1;2;1;1;6;88;35, THIERS (AV.);;;;60
200700067764;7;11;12;1445;1;2;1;1;3;88;81, DEUX CORNICHES (BD D;;;;60
200700067792;7;11;17;1645;1;2;1;9;6;88;0, STALINGRAD (BD DE);;;;60
200700067848;7;11;30;1945;5;2;2;1;2;88;0, LEPANTE (R. DE);;;;60
200700067858;7;11;29;1215;1;2;3;1;3;105;AURIOL PRESIDENT (AVENUE;;;;80
200700067877;7;11;16;1020;1;1;1;1;3;262;GRUISSAN (ROUTE DE);;;;110
200700067916;7;11;21;1340;1;2;1;1;3;47;1, Rond point Jets d'eau;;;;130
200700067931;7;11;24;1645;2;2;6;2;3;43;GERMAINE  ROND POINT DE;;;;130
200700067956;7;11;1;1530;1;2;1;1;2;55;227, SAINT LOUP (BOULEVA;;;;130
200700068013;7;11;14;845;1;2;1;1;2;55;28, MERLE (BOULEVARD);;;;130
200700068021;7;11;13;1515;1;2;3;1;3;55;197, LIBERATION (BOULEVA;;;;130
200700068041;7;11;6;1340;1;2;1;1;7;55;PRADO (AVENUE DU);;;;130
200700068101;7;11;17;1645;1;2;1;1;3;55;LE MEE (TRAVERSE);;;;130
200700068213;7;11;27;1050;1;2;1;1;6;55;JEAN JAURES (PLACE);;;;130
200700068247;7;11;14;1615;1;2;1;1;3;56;FLEMING AVENUE DU ALEXAN;;;;130
200700068252;7;11;4;1020;1;1;1;1;3;108;D33 ROUTE DE FONTVEILLE;;;;130
200700068258;7;11;9;1515;1;2;9;1;3;117;COURSON ( ARCADES COLONE;;;;130
200700068290;7;11;10;2100;5;2;1;1;6;271;HARCOURT (ROUTE D');;;;140
200700068293;7;11;3;1140;1;2;3;1;3;366;, JEAN XXIII (AVENUE);;;;140
200700068304;7;11;15;1750;2;2;1;1;7;299;172990033, BAUDIN IMPASS;;;;170
200700068309;7;11;20;1615;1;2;1;3;3;299;172990128, DIERAS AVENUE;;;;170
200700068311;7;11;28;1525;1;2;1;1;6;299;172990197, JAURES RUE JE;;;;170
200700068322;7;11;13;1600;1;2;3;1;1;300;CHEF DE VILLE   RUE;;;;170
200700068328;7;11;16;1540;1;2;6;1;3;300;GUITON   AVENUE JEAN (16;;;;170
200700068345;7;11;26;845;1;2;1;1;5;300;178, CIMETIERE   AVENUE;;;;170
200700068349;7;11;30;1605;1;2;1;1;3;28;LYSIACK   AVENUE DU COMM;;;;170
200700068357;7;11;12;810;1;2;1;1;3;306;0, FRONT DE MER (PROMENA;;;;170
200700068367;7;11;12;700;5;2;1;1;3;415;36, GAUTIER RUE;;;;170
200700068398;7;11;21;1310;1;2;1;1;3;31;03, MAURIAC (RUE FRANCOI;M;4515721.0;449461.0;190
200700068419;7;11;5;1717;2;2;1;1;3;231;16, NICOLAS ROLIN (QUAI);;;;210