Num_Acc;an;mois;jour;hrmn;lum;agg;int;atm;col;com;adr;gps;lat;long;dep
200700072289;7;11;26;1025;1;2;3;1;3;111;27, BOULEVARD DE MENILMO;;;;750
200700072292;7;11;27;1830;5;2;1;1;4;111;244, BOULEVARD VOLTAIRE;;;;750
200700072294;7;11;28;1210;1;2;2;1;3;111;38, AVENUE DE LA REPUBLI;;;;750
200700072298;7;11;1;1140;1;2;1;1;2;112;ROUTE DAUPHINE;;;;750
200700072301;7;11;4;1140;1;2;1;1;6;112;237, RUE DE CHARENTON;;;;750
200700072302;7;11;4;1715;2;2;1;1;7;112;ROUTE ROYALE DE BEAUTE;;;;750
200700072321;7;11;14;1510;1;2;5;1;3;112;252, AVENUE DAUMESNIL;;;;750
200700072324;7;11;14;1927;3;2;1;2;6;112;PORT DE LA RAPEE;;;;750
200700072329;7;11;15;1810;5;2;3;1;3;112;97, BOULEVARD DIDEROT;;;;750
200700072338;7;11;17;1950;5;2;5;1;3;112;PLACE DE LA NATION;;;;750
200700072342;7;11;19;2015;4;2;1;2;6;112;BOULEVARD DE BERCY;;;;750
200700072347;7;11;20;1535;1;2;7;2;7;112;PLACE DE LA BASTILLE;;;;750
200700072350;7;11;20;2110;5;2;6;2;2;112;BOULEVARD DE PICPUS;;;;750
200700072368;7;11;3;1910;5;2;1;1;6;113;QUAI D AUSTERLITZ;;;;750
200700072369;7;11;4;436;5;2;1;1;7;113;30, PLACE D ITALIE;;;;750
200700072370;7;11;5;1758;5;2;1;1;6;113;1, AVENUE DE LA PORTE D;;;;750
200700072379;7;11;9;1535;1;2;2;1;3;113;PLACE D ITALIE;;;;750
200700072395;7;11;16;1238;1;2;1;1;6;113;BOULEVARD VINCENT AURIOL;;;;750
200700072396;7;11;16;1645;2;2;1;1;3;113;127, BOULEVARD AUGUSTE B;;;;750
200700072406;7;11;20;920;1;2;1;2;3;113;21 bis, BOULEVARD DE POR;;;;750
200700072428;7;11;1;840;1;2;1;1;3;114;19, RUE EDOUARD JACQUES;;;;750
200700072433;7;11;6;923;1;2;2;1;3;114;RUE D ALESIA;;;;750
200700072441;7;11;11;118;5;2;1;1;3;114;100, AVENUE DENFERT ROCH;;;;750
200700072456;7;11;19;745;1;2;1;2;7;114;41, AVENUE DU MAINE;;;;750
200700072494;7;11;16;830;1;2;3;1;3;115;, RUE DE LA CROIX NIVERT;;;;750
200700072501;7;11;18;2130;5;2;3;2;3;107;21, AVENUE DE LA MOTTE P;;;;750
200700072502;7;11;19;1215;1;2;1;8;1;115;6, RUE DE L ARRIVEE;;;;750
200700072505;7;11;21;725;5;2;1;2;1;115;237, RUE LECOURBE;;;;750
200700072510;7;11;25;1215;1;2;1;1;6;115;58, BOULEVARD LEFEBVRE;;;;750
200700072514;7;11;28;1425;1;2;1;1;7;115;94, RUE LECOURBE;;;;750
200700072521;7;11;30;1720;5;2;3;1;3;115;QUAI BRANLY;;;;750
200700072548;7;11;14;1250;1;2;1;1;7;116;RUE MOLITOR;;;;750
200700072554;7;11;16;620;5;2;1;1;6;116;ALLEE DE LONGCHAMP;;;;750
200700072555;7;11;16;815;1;2;1;1;3;116;31, BOULEVARD EXELMANS;;;;750
200700072563;7;11;17;1430;1;2;1;7;2;116;ALLEE DE LONGCHAMP;;;;750
200700072565;7;11;18;25;5;2;1;1;2;116;64, AVENUE DU PRESIDENT;;;;750
200700072567;7;11;18;1820;5;2;1;1;6;116;ALLEE DE LA REINE MARGUE;;;;750
200700072576;7;11;20;1720;5;2;1;2;7;116;CHAUSSEE LA MUETTE;;;;750
200700072584;7;11;22;800;1;2;1;1;1;116;AVENUE EDOUARD VAILLANT;;;;750
200700072586;7;11;22;845;1;2;4;1;3;107;35, QUAI D ORSAY;;;;750
200700072588;7;11;22;1620;1;2;1;1;6;116;92, BOULEVARD MURAT;;;;750
200700072612;7;11;7;645;2;2;1;1;3;117;114, RUE CARDINET;;;;750
200700072618;7;11;9;1525;1;2;1;1;3;117;93, AVENUE NIEL;;;;750
200700072627;7;11;15;940;1;2;1;1;6;108;37, BOULEVARD DE COURCEL;;;;750
200700072657;7;11;26;1600;1;2;2;1;3;117;53, BOULEVARD DE COURCEL;;;;750
200700072658;7;11;27;2130;5;2;1;1;4;117;165, RUE DE ROME;;;;750
200700072671;7;11;8;1300;1;2;1;8;3;118;111, RUE DE CLIGNANCOURT;;;;750
200700072682;7;11;16;1715;5;2;1;1;3;118;74, RUE DE CLIGNANCOURT;;;;750
200700072683;7;11;17;330;5;2;2;1;6;118;156, AVENUE DE LA PORTE;;;;750
200700072716;7;11;18;1110;1;2;1;1;3;119;133, RUE MANIN;;;;750
200700072726;7;11;26;1400;1;2;3;1;3;119;119, AVENUE SIMON BOLIVA;;;;750
200700072750;7;11;15;1640;1;2;1;1;3;120;6, BOULEVARD DE CHARONNE;;;;750
200700072759;7;11;21;1635;1;2;2;1;6;120;RUE DE LAGNY;;;;750
200700072762;7;11;22;1345;1;2;3;1;6;120;33, AVENUE GAMBETTA;;;;750
200700072764;7;11;22;1835;5;2;1;1;6;120;54, BOULEVARD DE MENILMO;;;;750
200700072770;7;11;26;1210;1;2;7;1;3;120;1, PLACE MARTIN NADAUD;;;;750
200700072776;7;11;1;500;5;2;2;1;6;117;67, RUE DES ACACIAS;;;;750
200700072789;7;11;10;145;5;2;2;1;2;103;RUE REAUMUR;;;;750
200700072801;7;11;19;950;1;2;1;2;7;119;219, BOULEVARD MACDONALD;;;;750
200700072830;7;11;29;1825;5;2;1;8;6;105;55, RUE LHOMOND;;;;750
200700072907;7;11;4;900;1;2;1;1;3;630;rue Jean Jaures;M;0.0;0.0;590
200700072908;7;11;3;1030;1;1;1;1;3;663;;M;5087000.0;248600.0;590
200700072921;7;11;4;945;1;1;1;1;1;222;;M;0.0;0.0;590
200700072936;7;11;22;2100;5;2;1;1;3;866;;M;0.0;0.0;620
200700072976;7;11;25;1155;1;2;1;8;1;173;R.D. 937 --- P.K. 19+300;M;0.0;0.0;20
200700072978;7;11;10;1545;1;1;1;1;3;246;;M;4971400.0;316200.0;20
200700073035;7;11;6;1830;5;2;1;1;3;715;CD40;M;0.0;0.0;760
200700073077;7;11;19;1830;3;1;1;2;1;655;;M;0.0;0.0;270
200700073127;7;11;10;930;1;2;6;1;6;103;Quai du Léon;M;4845800.0;-424800.0;290
200700073155;7;11;13;1645;1;1;1;1;3;173;;M;4795900.0;-297900.0;560
200700073199;7;11;24;1615;1;1;1;1;1;292;;M;0.0;0.0;610
200700073278;7;11;16;1630;1;2;6;1;3;154;Bd du Québec;M;0.0;0.0;720
200700073359;7;11;8;1545;1;2;3;1;3;157;Rue de l'hotel de ville;M;4403900.0;-125900.0;400
200700073407;7;11;29;1500;1;1;1;8;1;202;;M;4566500.0;-18400.0;160
200700073426;7;11;23;1615;1;1;1;1;6;409;;M;4569400.0;-99700.0;170
200700073443;7;11;14;1415;1;1;1;1;1;216;;M;4626100.0;-33900.0;790
200700073472;7;11;27;430;3;1;1;1;1;458;;M;4351600.0;137200.0;310
200700073521;7;11;26;1700;2;1;1;1;1;180;;M;4416200.0;211100.0;810
200700073535;7;11;23;2100;3;1;1;8;2;96;;M;4403000.0;124600.0;820
200700073602;7;11;15;1915;3;1;1;1;2;150;;M;0.0;0.0;380
200700073603;7;11;28;1345;1;2;9;1;1;158;Av du Maquis de l'Oisans;M;4515300.0;575400.0;380
200700073660;7;11;8;1515;1;2;9;1;2;87;centre ville;M;4613100.0;634000.0;740
200700073721;7;11;20;1530;1;2;1;1;3;663;RD55BIS;M;4924700.0;617300.0;570
200700073722;7;11;7;800;1;1;1;1;1;534;;M;4907800.0;620700.0;570
200700073788;7;11;24;1430;1;2;3;1;1;304;79, av Gambetta;M;4830800.0;613500.0;880
200700073802;7;11;6;1945;3;1;1;1;2;89;;M;0.0;0.0;670
200700073816;7;11;6;2200;3;1;1;1;1;445;;M;4828400.0;743400.0;670
200700073843;7;11;6;1800;3;2;1;1;1;303;89 route nationale;M;4901400.0;417700.0;510
200700073844;7;11;7;1800;3;1;1;2;3;193;;M;0.0;0.0;510
200700073948;7;11;14;1900;3;1;1;1;2;26;;M;0.0;0.0;890
200700073950;7;11;12;1600;1;1;1;1;3;201;;M;4793700.0;366700.0;890
200700073960;7;11;22;1700;1;2;1;1;6;209;Les bordes;M;4817100.0;296400.0;890
200700074005;7;11;29;1415;1;1;1;1;3;27;;M;4391000.0;481500.0;130
200700074055;7;11;26;1130;1;2;1;1;3;7;;M;0.0;0.0;830
200700074060;7;11;25;1930;1;2;6;1;1;61;rond point des harkis;M;0.0;0.0;830
200700074075;7;11;25;1630;2;1;1;1;1;132;;M;4394100.0;499600.0;840
200700074133;7;11;8;1645;1;1;1;6;2;266;;M;0.0;0.0;110
200700074201;7;11;14;1330;1;2;1;1;1;84;rue des moulins;M;4882300.0;179400.0;780
200700074326;7;11;8;1015;1;1;1;1;6;40;;M;0.0;0.0;130
200700074332;7;11;6;1545;1;1;1;1;4;22;;M;4938700.0;604100.0;570
200700074343;7;11;24;2300;5;2;1;1;2;5;Boulevard Georges Clémen;M;0.0;0.0;330
200700074389;7;11;21;1545;2;1;1;1;1;204;;M;4762400.0;140700.0;410
200700074420;7;11;7;1200;1;2;1;1;3;249;RD1090 CHE DU ST EYNARD;M;4523100.0;579900.0;380
200700074522;7;11;4;1000;1;1;1;1;3;173;;M;0.0;0.0;350
200700074540;7;12;7;1730;3;1;1;1;2;51;;M;0.0;0.0;590
200700074569;7;12;18;1745;3;1;1;1;1;353;;M;0.0;0.0;620
200700074692;7;12;4;1100;1;2;2;1;3;330;Rue André Lecomte;M;0.0;0.0;760
200700074733;7;12;18;1300;1;2;1;1;1;65;rue des faulques;M;4933200.0;34600.0;270
200700074781;7;12;22;1530;1;1;1;1;1;8;;M;0.0;0.0;290
200700074804;7;12;26;1000;1;2;2;8;5;287;KEREMMA;M;0.0;0.0;290
200700074869;7;12;1;2045;3;1;1;1;1;169;;M;0.0;0.0;440
200700074952;7;12;10;1300;1;1;1;1;2;330;;M;0.0;0.0;720
200700074968;7;12;11;930;1;1;3;1;3;303;;M;4634200.0;-82400.0;850
200700074971;7;12;6;745;5;2;1;1;2;130;rue du Lac;M;0.0;0.0;850
200700074972;7;12;11;1400;1;2;1;1;3;113;19 chemin du frimaud;M;4672600.0;-234700.0;850
200700074989;7;12;8;1415;1;1;1;9;5;474;;M;4467000.0;-47000.0;330
200700074992;7;12;27;1500;1;1;1;1;1;77;;M;4462000.0;-50400.0;330
200700075002;7;12;21;915;1;1;1;1;2;490;;M;4543900.0;-103800.0;330
200700075024;7;12;9;1330;1;1;1;3;1;243;;M;4529200.0;54200.0;240
200700075065;7;12;22;945;1;2;1;7;6;493;CD 11 AV. F. DE ST JAMES;M;4333000.0;-102900.0;640
200700075071;7;12;16;915;1;1;1;7;1;219;;M;0.0;0.0;860
200700075137;7;12;26;1245;1;1;1;7;3;229;;M;4516000.0;146300.0;190
200700075152;7;12;31;1800;5;2;6;5;1;232;;M;0.0;0.0;310
200700075188;7;12;5;1500;1;1;1;1;3;312;;M;0.0;0.0;320
200700075209;7;12;11;1545;1;1;1;1;3;176;;M;4463000.0;185000.0;460
200700075219;7;12;19;1545;1;1;1;1;3;412;;M;4348100.0;9600.0;650
200700075247;7;12;20;1500;1;2;1;1;1;204;rue du pof. dufour;M;0.0;0.0;690
200700075354;7;12;31;1130;1;2;3;1;3;94;Rue st antoine;M;4574600.0;422900.0;420
200700075401;7;12;24;1100;1;2;1;7;1;40;carrefour du chaffour;M;4572300.0;333500.0;630
200700075413;7;12;5;1345;1;2;1;1;1;215;8 Route de Champeyroux;M;4593900.0;322200.0;630
200700075570;7;12;4;1615;1;2;1;1;1;287;33 RUE POINCARE;M;4796400.0;729700.0;680
200700075574;7;12;10;1715;2;1;1;2;2;126;;M;4757000.0;753900.0;680
200700075605;7;12;23;545;5;2;1;1;1;323;45 RUE PIERRE SEMARD;M;0.0;0.0;100
200700075653;7;12;20;645;2;2;1;9;3;275;Rue du Gral De Gaulle;M;4627900.0;404600.0;710
200700075710;7;12;28;1415;1;2;1;1;1;271;rue Jean DE LATTRE;M;0.0;0.0;250
200700075822;7;12;19;1400;1;1;1;1;2;276;;M;0.0;0.0;340
200700075837;7;12;8;1445;1;1;1;1;1;328;;M;0.0;0.0;340
200700075854;7;12;3;1530;1;2;1;1;1;266;avenue  charles palauqui;M;4302700.0;304100.0;110
200700075874;7;12;13;1115;1;1;1;1;2;166;;M;4389200.0;455400.0;300
200700075877;7;12;1;945;1;1;1;1;1;193;;M;0.0;0.0;300
200700075892;7;12;2;1345;3;2;1;1;2;108;Cd916 - pont du boules;M;0.0;0.0;660
200700075938;7;12;6;1100;1;1;1;2;2;156;;M;4854500.0;227100.0;910
200700075940;7;12;23;1100;1;1;6;8;5;534;;M;0.0;0.0;910
200700076009;7;12;18;1845;3;2;1;1;2;55;route de Villiers;M;4694200.0;123000.0;360
200700076050;7;12;15;1100;1;2;3;1;3;334;Rue de la mare pavée;M;0.0;0.0;350
200700076051;7;12;17;1900;4;2;1;1;6;51;rue fosse aux moines;M;0.0;0.0;350
200700076093;7;12;18;1330;1;2;1;1;3;273;27 avenue Marie Curie;M;4739900.0;76300.0;370
200700076248;7;8;5;1130;1;2;1;1;7;352;0000000073, EDOUARD VII;;;;350
200700076417;7;12;19;1515;1;2;6;1;6;321;56, EPOUX CONTOUX (RUE D;;;;30
200700076445;7;12;2;1520;1;2;2;1;3;27;ST LAURENT CHEMIN DE;;;;60
200700076468;7;12;31;1540;1;2;1;1;3;27;17, JUIN BOULEVARD MAREC;;;;60
200700076483;7;12;10;2210;5;2;1;1;2;29;2, MIDI (BOULEVARD DU);;;;60
200700076505;7;12;7;1005;1;2;1;1;6;69;45, SIDI BRAHIM (AVENUE);;;;60
200700076657;7;12;31;1340;1;2;1;1;3;88;0, ANGLAIS (DU N° 1 AU N;;;;60
200700076670;7;12;5;725;5;2;6;1;2;387;, POINTE A LA GRAISSE (R;;;;100
200700076709;7;12;6;1350;1;2;1;1;3;4;MURAILLETTES CHEMIN DES;;;;130
200700076817;7;12;26;1045;1;2;9;1;3;55;SAINT MENET (AVENUE DE);;;;130
200700076853;7;12;6;730;2;2;1;1;3;55;157, MICHELET (BOULEVARD;;;;130
200700076956;7;12;17;700;5;2;1;1;3;55;, JEAN LOMBARD (AVENUE);;;;130
200700076960;7;12;15;830;1;2;1;1;2;55;SAINT JEAN (CHEMIN);;;;130
200700076970;7;12;30;855;2;2;1;1;6;78;MAZET (LE);;;;130
200700077003;7;12;4;2035;5;2;1;1;7;327;PARC SAINT ANDRE (AVENUE;;;;140
200700077005;7;12;5;2000;5;2;1;8;7;437;0, ROUEN (ROUTE DE);;;;140
200700077007;7;12;6;1905;3;2;1;1;2;118;75, VAUGUEUX (RUE DU);;;;140
200700077010;7;12;13;1835;5;2;1;1;2;118;0, JUIN (BOULEVARD MAREC;;;;140
200700077019;7;12;3;715;5;2;2;2;3;69;67, ORBEC (ROUTE D');;;;140
200700077037;7;12;18;1335;1;2;6;1;3;449;174490123, JOLIOT CURIE;;;;170
200700077063;7;12;14;1620;1;2;1;1;6;300;PERIGNY   RUE DE;;;;170
200700077065;7;12;17;1815;3;1;9;1;6;28;D 939;;;;170
200700077068;7;12;21;1645;1;2;1;1;3;300;SALINES   RUE DU PONT DE;;;;170
200700077075;7;12;24;1215;1;2;1;1;3;200;ROSE   AVENUE DU FIEF;;;;170
200700077128;7;12;20;845;1;2;2;1;3;31;MIRABEAU (BOULEVARD) COT;M;4516256.0;452279.0;190
200700077158;7;12;17;1309;1;2;1;1;3;231;23 bis, ILE (DE L') (RUE;;;;210
200700077183;7;12;12;920;1;2;1;1;6;278;0, VAU-GICQUEL (DU);;;;220
200700077193;7;12;19;1600;1;2;1;1;7;215;10, CROIX (RUE DES);;;;220
200700077209;7;12;5;1540;1;1;3;8;3;53;MITTERAND (AVENUE FRANCO;;;;240
200700077241;7;12;21;1645;1;2;1;1;3;56;01, ANDELYS RUE DES;;;;250
200700077289;7;12;7;1620;1;2;1;3;6;85;sans, JAURES (BOULEVARD;;;;280
200700077344;7;12;26;1250;1;2;1;1;3;28;45, EUROPE (AVENUE DE L';;;;300
200700077409;7;12;2;1400;1;2;1;1;2;555;324, RTE DE LAUNAGUET;;;;310
200700077422;7;12;5;805;1;2;1;2;3;555;114, AV CAMILLE PUJOL;;;;310
200700077445;7;12;9;700;2;2;1;2;6;555;49-51, AV ANTOINE DE ST;;;;310
200700077450;7;12;10;1310;1;2;1;2;6;555;36, RUE DES TRENTE-SIX P;;;;310
200700077451;7;12;10;1325;1;2;3;1;3;555;999, AV DES MINIMES;;;;310
200700077455;7;12;11;1125;1;2;1;8;6;555;30, RUE DES CHALETS;;;;310
200700077456;7;12;11;1300;1;2;1;1;3;555;999, RPT DE L ABBE G. LA;;;;310
200700077478;7;12;18;1210;1;2;1;1;3;555;999, PONT GUILHEMERY;;;;310
200700077480;7;12;18;1900;5;2;3;1;3;555;RTE DE NARBONNE;;;;310
200700077495;7;12;23;1740;1;2;1;1;3;555;23, RTE DE BAYONNE;;;;310
200700077501;7;12;8;1450;1;2;6;1;3;557;3, AURIOL (BD VINCENT);;;;310
200700077521;7;12;7;905;1;2;3;2;3;63;RUE D'ARTIGUEMALE;;;;330
200700077528;7;12;4;1115;1;2;1;2;2;63;15, RUE DES FRERES BONIE;;;;330
200700077545;7;12;10;745;5;2;1;2;6;63;RUE CORPS FRANC POMMIES;;;;330
200700077550;7;12;7;1415;1;2;1;8;3;318;90, AVE DE NOES;;;;330
200700077573;7;12;11;920;1;2;2;1;3;318;RUE DE LA PRINCESSE;;;;330
200700077574;7;12;11;745;2;2;3;1;3;550;AVE EDOUARD BOURLEAUD;;;;330
200700077579;7;12;15;1840;5;2;8;1;3;63;CRS DE L'ARGONNE;;;;330
200700077601;7;12;20;550;1;2;2;1;3;63;1, PCE LOUIS BARTHOU;;;;330
200700077605;7;12;21;835;1;2;2;1;3;63;QUAI DES CHARTRONS;;;;330
200700077608;7;12;14;900;1;2;2;1;3;281;RUE DES JACINTHES;;;;330
200700077611;7;12;12;1230;1;2;1;1;6;522;11, AVE DE L'UNIVERSITE;;;;330
200700077619;7;12;19;1930;5;2;2;1;3;522;BD GEORGE V;;;;330
200700077630;7;12;22;2005;5;2;3;1;1;281;RUE DU JARD;;;;330
200700077705;7;12;25;1306;1;2;1;1;3;172;SANS, LE TITIEN (RUE);;;;340
200700077747;7;12;15;1740;5;2;3;1;6;238;00, CHURCHILL (AVENUE SI;;;;350
200700077752;7;12;17;1045;1;1;6;1;3;238;00, ROCADE 13-14;;;;350
200700077788;7;12;5;1640;2;1;1;1;2;159;0, MONTLUCON (ROUTE) R.D;;;;360
200700077806;7;12;14;835;1;2;2;1;3;261;THIERS (BOULEVARD);;;;370
200700077809;7;12;21;2045;5;2;1;1;3;261;ALOUETTE (AVENUE);;;;370
200700077898;7;12;10;1325;3;2;6;2;3;187;1, FERRY (BOULEVARD JULE;;;;420
200700077910;7;12;27;1105;1;2;6;1;3;127;CORNEILLE PIERRE (RUE);;;;420
200700077921;7;12;7;1918;5;2;2;3;3;218;SANS, RIVIERE SERGENT RE;;;;420
200700077925;7;12;12;1300;1;2;2;1;3;218;DORMOY;;;;420
200700077969;7;12;18;855;1;2;1;1;6;162;RUE DE LA GAROTTERIE;;;;440
200700077994;7;12;4;820;1;2;2;1;6;234;1, PARIS (AVENUE DE);;;;450
200700077999;7;12;7;1000;1;2;1;2;3;234;BEAUMARCHAIS (RUE);;;;450
200700078010;7;12;20;2154;5;2;1;1;6;232;, REINE BLANCHE (RUE DE;;;;450
200700078016;7;12;5;745;2;2;1;5;1;42;23, ORMEAUX (COTE DES);;;;460
200700078028;7;12;1;1252;1;2;1;1;7;15;245, MENDES FRANCE AVENU;;;;490
200700078038;7;12;10;1922;5;2;1;1;7;7;0, CHAMBRE AUX DENIERS R;;;;490
200700078049;7;12;13;933;1;2;1;1;7;7;0, CHAUVAT BOULEVARD;;;;490
200700078051;7;12;13;754;5;2;1;1;7;7;0, MEILLAND;;;;490
200700078053;7;12;14;815;1;2;1;1;7;7;0, FOCH BOULEVARD;;;;490
200700078139;7;12;17;720;3;2;1;1;2;273;LAFAYETTE (AVENUE);;;;540
200700078205;7;12;1;2100;5;2;3;1;3;186;1, MAIRIE ( PLACE DE LA;;;;550
200700078219;7;12;7;1840;5;2;1;1;7;121;123, MULLER ( DU COLONEL;;;;560
200700078220;7;12;12;1815;5;2;6;1;3;121;KENNEDY ( ET RD-PT DU PR;;;;560
200700078221;7;12;11;1912;5;2;1;1;3;98;., GAGARINE (RUE  YOURI;;;;560
200700078222;7;12;12;745;5;2;6;1;3;121;., KENNEDY ( ET RD-PT DU;;;;560
200700078251;7;12;2;1050;1;2;4;2;2;480;05, GENERAL FRANIATTE (R;;;;570
200700078301;7;12;28;1100;1;2;2;1;3;431;1663, ARMENTIERES  (RUE;;;;590
200700078358;7;12;10;730;3;2;1;3;6;286;RACHE RUE DE LA;;;;590
200700078360;7;12;11;1340;1;2;1;8;3;220;WATTIGNIES RUE DE;;;;590
200700078363;7;12;13;750;2;2;2;2;3;410;100, BECQUEREL RUE DU;;;;590
200700078418;7;12;14;1315;1;1;6;1;3;512;SARTEL (QUAI DU);;;;590
200700078422;7;12;12;800;1;2;1;1;7;512;GAMBETTA ( BOULEVARD);;;;590
200700078452;7;12;18;755;2;2;1;1;6;599;90, LILLE (RUE DE);;;;590
200700078456;7;12;30;1020;1;2;1;1;3;90;GRAND OBEAUX (CHEMIN);;;;590
200700078459;7;12;18;800;2;2;3;1;3;491;00, DURRE (RUE HENRI);;;;590
200700078473;7;12;10;1335;1;2;4;1;3;159;1 BIS, AIGLE (DE L');;;;600
200700078553;7;12;13;655;4;2;1;1;6;498;sans, DROUX (R LEON );;;;620
200700078568;7;12;5;2030;5;2;1;1;6;113;., POURCHON (BD MAURICE);;;;630
200700078596;7;12;18;1322;1;2;1;1;6;113;57, RABANESSE (RUE DE);;;;630
200700078628;7;12;23;1015;1;2;2;1;3;102;., LORRAINE (BOULEVARD D;;;;640
200700078640;7;12;5;1730;5;2;1;1;3;445;0, LEON SAY;;;;640
200700078649;7;12;13;1235;1;2;1;1;3;445;5, DIDIER DAURAT;;;;640
200700078667;7;12;2;1540;1;2;3;1;3;260;58, BAIE DE CHINGUDY (AV;;;;640
200700078671;7;12;12;1610;1;2;3;1;3;260;1, SUBERNOA (RUE DE);;;;640
200700078674;7;12;31;1140;1;1;1;1;3;545;CD 658;;;;640
200700078713;7;12;3;1700;2;2;2;1;3;482;00, SAINT ETIENNE (QUAI);;;;670
200700078720;7;12;6;1045;1;2;2;1;3;482;00, RHIN (ROUTE DU);;;;670
200700078721;7;12;6;1802;5;2;3;2;3;482;00, GOETHE (RUE);;;;670
200700078723;7;12;7;20;5;2;2;2;1;482;00, BOUCHERS (RUE DES);;;;670
200700078724;7;12;7;1145;1;2;2;1;6;482;ETUDIANTS (RUE DES);;;;670
200700078730;7;12;10;1530;1;2;2;1;3;482;0, EHRMANN (RUE);;;;670
200700078731;7;12;10;1845;5;2;1;2;1;482;0, LANDSBERG (RUE DU);;;;670
200700078732;7;12;10;1925;5;2;3;2;6;482;0, BATELIERS (QUAI DES);;;;670
200700078734;7;12;11;1200;1;2;1;2;3;482;175, MITTELHAUSBERGEN (R;;;;670
200700078736;7;12;11;1230;1;2;2;2;3;482;0, SEBASTIEN BRANT (PLAC;;;;670
200700078739;7;12;13;1015;1;2;2;1;3;482;HENRI FRENAY (RUE);;;;670
200700078740;7;12;14;550;5;2;2;1;3;482;00, ARISTIDE BRIAND (AVE;;;;670
200700078742;7;12;15;1900;5;2;1;1;1;482;0, VIEUX MARCHE AUX POIS;;;;670
200700078744;7;12;16;1145;1;2;1;1;3;482;187, SCHIRMECK (ROUTE DE;;;;670
200700078752;7;12;24;1145;1;2;3;1;3;482;MARSEILLAISE (AVENUE DE;;;;670
200700078772;7;12;14;1710;5;2;1;1;3;56;171, ALTKIRCH (AVENUE D';;;;680
200700078789;7;12;14;750;2;2;1;1;1;259;RUE DU PROFESSEUR ROUX;;;;690
200700078802;7;12;18;1340;1;2;2;1;3;266;1, RUE ANATOLE FRANCE;;;;690
200700078812;7;12;13;1850;5;2;6;1;2;290;0, ROUTE D HEYRIEUX;;;;690
200700078845;7;12;13;2040;5;2;1;9;6;181;465, GENESLAY FELIX (AV);;;;720
200700078859;7;12;21;1410;1;2;1;1;1;181;LECLERC GENERAL (AV) IMP;;;;720
200700078862;7;12;28;1700;2;2;1;1;3;181;114, JAURES JEAN (AV) N°;;;;720
200700078890;7;12;18;2100;5;2;1;1;3;705;2E, CLEMENT. RUE JEAN BA;;;;760
200700078902;7;12;13;930;1;2;3;1;3;351;Néant, COCHET;;;;760
200700078919;7;12;8;2020;5;2;3;2;6;484;1, LECOMTE. RUE GUSTAVE;;;;760
200700078922;7;12;11;1340;1;2;2;1;3;540;1, SAINT SEVER. RUE;;;;760
200700078924;7;12;12;1325;1;2;1;1;3;484;4235, ROCHES. ROUTE DES;;;;760
200700078929;7;12;14;1940;5;2;1;1;3;540;44, REPUBLIQUE. RUE DE L;;;;760
200700078961;7;12;19;1355;1;1;1;1;2;186;d137 avon / samois/ bois;;;;770
200700079067;7;12;7;1640;2;2;2;1;3;517;CLEMENCEAU (RUE GEORGES);;;;780
200700079078;7;12;5;1725;5;2;3;1;3;586;BRULAY (RENE);;;;780
200700079119;7;12;3;1830;5;2;1;3;3;21;8, GERMAINE DULAC (ALLEE;;;;800
200700079123;7;12;6;1100;1;2;6;2;3;21;0, LOUIS BLANC (AVENUE);;;;800
200700079130;7;12;11;1455;1;2;1;2;3;21;42, EMILE FRANCFORT (RUE;;;;800