Num_Acc;an;mois;jour;hrmn;lum;agg;int;atm;col;com;adr;gps;lat;long;dep
200700079141;7;12;19;1445;1;2;6;1;3;21;0, LANGUEDOC (AVENUE DU);;;;800
200700079208;7;12;2;2250;5;2;2;1;3;137;CATHEDRALE (PLACE / TRAV;;;;830
200700079220;7;12;18;945;1;2;1;1;3;62;MOULIN (AVENUE JEAN);;;;830
200700079228;7;12;5;1110;1;2;1;1;3;7;205, SAINT MICHEL  (Rue);;;;840
200700079280;7;12;13;1653;1;2;3;1;3;85;42, VANTEAUX (BOULEVARD;;;;870
200700079296;7;12;23;946;1;2;1;1;7;65;30, CLEMENCEAU (AVENUE G;;;;870
200700079319;7;12;11;1000;1;2;1;1;3;387;0, SENIGALLIA (AVENUE DE;;;;890
200700079326;7;12;11;1441;1;2;1;1;1;10;PARMENTIER (RUE);;;;900
200700079360;7;12;21;700;2;2;1;1;3;201;GENERAL DE GAULLE(BOULEV;;;;910
200700079380;7;12;19;1715;2;2;2;1;6;521;., AUNETTE (AVENUE DE L';;;;910
200700079409;7;12;28;1215;1;2;3;2;3;122;0, VIERGE (RUE DE LA);;;;910
200700079429;7;12;25;1245;1;2;2;1;3;2;JEAN MOULIN (RUE);;;;920
200700079433;7;12;7;1000;1;2;3;1;3;9;NR, ARGENTEUIL ( AVENUE;;;;920
200700079453;7;12;4;1140;1;2;1;1;3;12;69, ANDRE MORIZET (AVENU;;;;920
200700079460;7;12;15;1330;1;2;1;1;6;12;ANGLE, ISSY (RUE D');;;;920
200700079503;7;12;18;1820;5;2;3;1;3;26;HÉROLD ( RUE );;;;920
200700079508;7;12;11;1550;1;2;2;8;3;35;13, Aigle ( rue de l' );;;;920
200700079513;7;12;8;1345;1;2;3;2;1;36;0, CHEVRINS PROLONGEE (R;;;;920
200700079571;7;12;18;1020;1;2;6;1;1;50;BOULE PLACE DE LA;;;;920
200700079578;7;12;3;900;1;2;1;1;3;51;09, LESSEPS (RUE DE);;;;920
200700079583;7;12;14;1210;1;2;1;1;2;51;3, ECOLE DE MARS (RUE DE;;;;920
200700079615;7;12;21;1645;2;2;9;1;7;76;PUITS;;;;920
200700079632;7;12;22;1830;5;2;1;1;6;46;15, GABRIEL PERI;;;;920
200700079657;7;12;20;1840;5;2;1;1;6;5;GEORGES BRAQUE (BOULEVAR;;;;930
200700079658;7;12;21;810;2;2;6;8;3;5;BONDY (ROUTE DE);;;;930
200700079699;7;12;10;720;2;2;2;2;3;31;0, PARIS (RUE DE);;;;930
200700079717;7;12;20;900;1;2;1;9;2;63;37, CARNOT RUE;;;;930
200700079754;7;12;27;1425;1;2;1;8;3;50;77, PAUL ET CAMILLE THOM;;;;930
200700079834;7;12;19;1630;2;2;1;7;3;73;0.000, VILLEPINTE (ROUTE;;;;930
200700079836;7;12;22;1045;1;2;2;7;3;73;BOIS (AVENUE DU);;;;930
200700079882;7;12;4;801;5;2;1;1;1;28;0, TASSIGNY(AVE DU MAREC;;;;940
200700079925;7;12;18;500;3;1;1;1;3;73;COURSON (R DU);;;;940
200700079940;7;12;27;1735;5;2;1;2;7;41;32, WESTERMEYER (R);;;;940
200700079968;7;12;4;1400;1;2;1;1;3;68;84, JEAN JAURES (AV);;;;940
200700080010;7;12;11;845;1;2;3;1;3;582;MARECHAL JOFFRE (RUE DU);;;;950
200700080045;7;12;12;1040;1;2;1;9;7;219;EUROPE (AVENUE DE L');;;;950
200700080059;7;12;11;1255;1;2;2;1;3;424;VICTOR BORDIER (BOULEVAR;;;;950
200700080060;7;12;24;1445;1;2;3;1;3;306;0, JEAN LECLAIRE (RUE);;;;950
200700080101;7;12;11;1120;1;2;2;1;3;381;01, RUE DU PLATRE;;;;690
200700080406;7;12;27;1100;1;2;1;1;6;383;50/52, COURS GAMBETTA;;;;690
200700080458;7;12;19;900;1;2;5;1;3;387;RUE DU REPOS;;;;690
200700080466;7;12;11;1325;1;2;3;2;6;388;PROMENADE LEA ET NAPOLEO;;;;690
200700080588;7;12;20;1845;5;2;7;1;3;101;5, AVENUE DE L OPERA;;;;750
200700080601;7;12;30;1225;1;2;1;1;6;102;1, BOULEVARD DES CAPUCIN;;;;750
200700080605;7;12;6;1729;5;2;1;2;3;110;02 bis, BOULEVARD SAINT;;;;750
200700080617;7;12;29;25;5;2;1;1;7;103;74, BOULEVARD DE SEBASTO;;;;750
200700080619;7;12;1;1700;5;2;1;8;6;104;3, BOULEVARD BEAUMARCHAI;;;;750
200700080624;7;12;9;1748;5;2;1;2;7;104;néant, PONT MORLAND;;;;750
200700080626;7;12;12;1005;1;2;1;1;2;104;3, RUE DU RENARD;;;;750
200700080667;7;12;7;1700;2;2;1;2;6;106;RUE DE SEVRES;;;;750
200700080692;7;12;18;805;1;2;1;1;3;107;11, AVENUE FREDERIC LE P;;;;750
200700080696;7;12;20;1215;1;2;1;1;6;107;4, RUE SEDILLOT;;;;750
200700080702;7;12;29;2115;5;2;1;1;6;107;AVENUE GUSTAVE EIFFEL;;;;750
200700080754;7;12;6;1540;1;2;2;2;3;109;01, PLACE CHARLES GARNIE;;;;750
200700080755;7;12;6;1655;1;2;1;2;3;109;53, RUE DU FAUBOURG POIS;;;;750
200700080758;7;12;9;1230;1;2;1;1;3;109;39, RUE LA BRUYERE;;;;750
200700080760;7;12;11;1030;1;2;1;1;3;109;19, RUE DE PROVENCE;;;;750
200700080762;7;12;12;750;2;2;3;1;7;109;06, RUE BLANCHE;;;;750
200700080780;7;12;2;1140;1;2;2;2;3;110;85, QUAI DE VALMY;;;;750
200700080795;7;12;14;1905;5;2;1;1;3;110;8, RUE DU CHATEAU LANDON;;;;750
200700080815;7;12;3;1425;1;2;1;1;6;111;84, BOULEVARD RICHARD LE;;;;750
200700080816;7;12;5;1845;5;2;1;2;3;111;6, BOULEVARD RICHARD LEN;;;;750
200700080828;7;12;13;1130;1;2;1;1;3;111;204, BOULEVARD VOLTAIRE;;;;750
200700080862;7;12;5;1215;1;2;3;1;3;112;ESPLANADE SAINT LOUIS;;;;750
200700080863;7;12;6;1710;5;2;5;2;3;112;PLACE DE LA BASTILLE;;;;750
200700080879;7;12;13;1835;5;2;1;1;6;112;65, BOULEVARD SOULT;;;;750
200700080917;7;12;22;1827;5;2;1;1;3;113;51, BOULEVARD ARAGO;;;;750
200700080930;7;12;6;1500;1;2;1;2;3;114;AVENUE DE LA PORTE DE CH;;;;750
200700080936;7;12;13;910;1;2;1;1;6;114;30, AVENUE DU GENERAL LE;;;;750
200700080989;7;12;3;1500;1;2;1;1;3;116;VOIE GEORGES POMPIDOU;;;;750
200700081014;7;12;18;1855;5;2;2;1;3;116;AVENUE MARCEAU;;;;750
200700081047;7;12;11;915;1;2;1;1;6;117;AVENUE DE CLICHY;;;;750
200700081087;7;12;20;900;1;2;1;1;2;118;RUE RIQUET;;;;750
200700081097;7;12;26;2040;5;2;2;1;1;118;1, RUE SAINT BRUNO;;;;750
200700081112;7;12;9;1640;2;2;5;2;3;119;RUE DE CRIMEE;;;;750
200700081121;7;12;18;1850;5;2;5;1;3;119;PLACE AUGUSTE BARON;;;;750
200700081152;7;12;15;2210;5;2;3;1;3;120;147, RUE DE BAGNOLET;;;;750
200700081196;7;12;17;1835;5;2;2;1;6;117;RUE LEGENDRE;;;;750
200700081285;7;1;28;1215;1;2;1;1;1;121;Rue de la République;A;0.0;0.0;971
200700081290;7;1;22;1830;3;1;1;1;2;118;RN1 Pont de la Lézarde;A;0.0;0.0;971
200700081307;7;1;28;1530;1;1;1;7;1;455;Voie Cannière;R;0.0;0.0;974
200700081308;7;1;5;1300;1;1;1;1;1;415;;R;0.0;0.0;974
200700081326;7;1;3;925;1;1;1;1;5;103;RN 11;A;0.0;0.0;971
200700081332;7;1;11;800;1;2;1;1;1;304;AVENUE DE PARIACABO;G;0.0;0.0;973
200700081378;7;1;19;1945;5;2;1;1;6;209;97, GENERAL DE GAULLE (B;;;;972
200700081407;7;1;1;20;5;2;2;1;2;302;1816, FELIX EBOUE (ROCAD;;;;973
200700081410;7;1;7;1035;1;2;1;1;2;302;BADUEL (ROUTE DE);;;;973
200700081411;7;1;8;809;1;2;1;1;3;302;MONTABO (ROUTE DE) 4;;;;973
200700081415;7;1;10;1115;1;2;1;1;3;302;38, HEDER (AVENUE LEOPOL;;;;973
200700081441;7;1;26;815;1;2;2;1;3;302;132, AMUSANT (PAUL);;;;973
200700081443;7;1;27;2308;5;2;1;1;1;302;21, PREVOT (ERNEST);;;;973
200700081455;7;1;4;2115;5;2;1;1;3;302;REPUBLIQUE (BD DE LA);;;;973
200700081461;7;1;11;1545;1;2;1;1;1;407;IMPASSE ARMAND FALLIERES;;;;974
200700081463;7;1;27;2325;5;2;6;1;1;407;ROND POINT BUTTE CITRONN;;;;974
200700081466;7;1;2;1700;1;2;2;1;3;411;1, JAURES (BLD 1 JEAN);;;;974
200700081485;7;1;6;1045;1;2;1;1;2;411;27 bis, LORY LES HAUTS (;;;;974
200700081567;7;2;11;945;1;1;1;1;3;128;;A;0.0;0.0;971
200700081574;7;2;16;645;2;1;1;1;5;305;PK18, RN1;G;0.0;0.0;973
200700081580;7;2;21;1800;1;1;1;1;2;311;RN 1 route de Cayenne;G;0.0;0.0;973
200700081592;7;2;7;1320;1;2;1;1;2;417;PK 98 + 750, Le Baril;R;0.0;0.0;974
200700081642;7;2;12;1725;1;1;1;1;1;416;Ancienne RN1;R;0.0;0.0;974
200700081644;7;2;10;1500;1;2;1;1;1;451;Ligne des Bambous;R;0.0;0.0;974
200700081648;7;2;26;805;1;2;3;1;3;107;FLAMBOYANTS ( ALLEE DES;;;;971
200700081665;7;2;3;1855;5;2;1;1;6;209;11, PAUL LANGEVIN (RUE);;;;972
200700081672;7;2;7;1630;2;2;1;1;7;209;45, CORIDON (AVENUE DE);;;;972
200700081690;7;2;12;1850;5;1;1;1;3;209;12, MAURICE BISHOP (RUE);;;;972
200700081712;7;2;7;1725;2;1;3;1;3;213;11, HIBISCUS (LOT);;;;972
200700081729;7;2;22;1400;1;1;1;1;6;213;BOIS D'INDE (CITE);;;;972
200700081738;7;2;5;2028;5;2;1;1;2;302;MADELEINE (ROUTE DE LA);;;;973
200700081742;7;2;8;810;1;1;1;1;2;302;BADUEL (ROUTE DE);;;;973
200700081752;7;2;10;2028;5;2;1;1;1;302;RABAN (ROUTE DE);;;;973
200700081755;7;2;13;1720;1;1;1;1;7;302;509, TROUBIRAN (CHEMIN D;;;;973
200700081778;7;2;1;730;1;2;1;1;3;411;1, GIMART (AVENUE STANIS;;;;974
200700081785;7;2;14;1800;2;1;1;1;6;411;MONTAGNE (ROUTE DE LA);;;;974
200700081897;7;3;19;745;1;1;1;1;6;406;;R;0.0;0.0;974
200700081924;7;3;15;1730;1;1;1;7;3;103;;A;0.0;0.0;971
200700081940;7;3;31;1900;5;2;1;1;3;304;Rue Léopold HEDER;G;0.0;0.0;973
200700081980;7;3;7;1610;1;2;1;1;6;209;12, BEL HORIZON (RUE DU);;;;972
200700081991;7;3;16;1005;1;1;1;1;6;209;45, DOROTHY (ROUTE DE);;;;972
200700082010;7;3;3;1710;2;1;1;1;1;213;AUTOROUTE A1;;;;972
200700082034;7;3;3;1758;1;2;1;1;1;302;3367, BADUEL (ROUTE DE);;;;973
200700082041;7;3;12;1602;1;2;4;1;3;302;SUZINI (CARREFOUR);;;;973
200700082043;7;3;13;1842;1;1;3;1;3;302;BADUEL (ROUTE DE);;;;973
200700082061;7;3;24;920;1;2;1;1;3;302;1540, BADUEL (ROUTE DE);;;;973
200700082064;7;3;26;803;1;2;1;1;3;302;BADUEL (ROUTE DE);;;;973
200700082074;7;3;2;1950;4;2;1;1;3;407;CHERBOURG(RUE);;;;974
200700082079;7;3;17;1718;1;2;3;1;3;407;PARNY EVARISTE(RUE);;;;974
200700082082;7;3;21;1710;1;1;1;1;2;407;ROUTE NATIONALE N° 1;;;;974
200700082083;7;3;22;1635;1;2;6;1;2;407;ROND POINT BUTTE CITRONN;;;;974
200700082085;7;3;2;2138;4;2;1;1;5;411;COMMINS (CHEMIN);;;;974
200700082094;7;3;25;1220;1;2;1;1;1;411;166 TER, BOIS ROUGE (CHE;;;;974
200700082161;7;4;10;1930;5;2;1;1;6;104;Rue Jean Jaurès;A;0.0;0.0;971
200700082186;7;4;14;545;1;1;1;1;6;128;;A;0.0;0.0;971
200700082195;7;4;5;1845;3;2;1;1;3;420;Rue Raymond verges 97441;R;0.0;0.0;974
200700082200;7;4;25;1230;1;2;1;1;2;415;342 rue Saint louis;R;0.0;0.0;974
200700082249;7;4;20;1330;1;1;1;1;3;498;;R;0.0;0.0;974
200700082294;7;4;21;1510;1;2;1;1;6;209;65, ENTAIDE (ROUTE DE L';;;;972
200700082304;7;4;28;2015;5;2;1;1;3;209;49, MORNE LAURENT (CHEMI;;;;972
200700082317;7;4;20;1650;1;1;1;1;7;213;BASSE GONDEAU (CHEMIN RU;;;;972
200700082322;7;4;25;2145;5;1;2;1;3;213;CASE NEGRE (RUE);;;;972
200700082330;7;4;7;1954;3;2;1;1;3;302;72, SCHOELCHER (RUE);;;;973
200700082334;7;4;11;1654;1;1;1;1;7;302;MARINGOUINS (ROND-POINT);;;;973
200700082344;7;4;22;1034;1;2;1;1;3;302;MADELEINE (ROUTE DE LA);;;;973
200700082348;7;4;24;2010;5;2;1;1;3;302;237, MANGO (ROUTE);;;;973
200700082368;7;4;12;1530;1;2;1;1;5;411;2, BRASSENS (AVENUE GEOR;;;;974
200700082380;7;4;26;654;1;2;3;1;3;411;15, LORRAINE (RUE DE LA);;;;974
200700082383;7;4;28;1356;1;2;1;1;6;411;15, PARIS (RUE DE);;;;974
200700082387;7;4;2;925;1;2;1;1;5;411;LATTRE DE TASSIGNY (AVEN;;;;974
200700082451;7;5;25;2045;4;1;1;1;6;210;;A;0.0;0.0;972
200700082457;7;5;8;1530;1;1;1;1;1;228;eu-dit rivière Romanette;A;0.0;0.0;972
200700082467;7;5;12;1600;1;1;1;1;1;118;;A;0.0;0.0;971
200700082496;7;5;23;1815;5;2;1;1;6;422;10 chemin armanette;R;0.0;0.0;974
200700082544;7;5;27;1300;1;2;1;1;3;120;00, NELSON MANDELA;;;;971
200700082608;7;5;3;615;1;2;2;2;2;302;BADUEL (ROUTE DE);;;;973
200700082609;7;5;2;1801;1;1;1;1;3;302;2001, MADELEINE (ROUTE D;;;;973
200700082625;7;5;18;810;1;1;1;8;3;302;MADELEINE (ROND POINT);;;;973
200700082651;7;5;16;1500;1;2;1;1;2;407;68, LABOUDONNAIS M (RUE);;;;974
200700082652;7;5;20;1210;1;2;2;1;3;407;54, JEANNE D'ARC (RUE);;;;974
200700082659;7;5;23;1600;1;2;1;1;3;411;235, LECLERC (DU MARECHA;;;;974
200700082664;7;5;29;1500;1;2;1;1;1;411;15, RAMBAUD (LEOPOLD);;;;974
200700082669;7;5;5;1745;1;2;1;1;7;411;53, BOIS DE NEFLES (RUE;;;;974
200700082672;7;5;27;1840;2;2;1;1;1;411;01, LATTRE DE TASSIGNY (;;;;974
200700082678;7;5;7;1635;1;2;6;7;3;416;SANS, ROND POINT DES CAS;;;;974
200700082680;7;5;22;2050;5;2;3;1;3;414;SANS, LEBLOND(RUE M. ET;;;;974
200700082733;7;6;28;1300;1;2;1;1;1;206;Voie communale de Jacqua;A;0.0;0.0;972
200700082763;7;6;1;1330;1;1;1;1;3;305;;G;0.0;0.0;973
200700082833;7;6;20;1435;1;1;1;1;1;113;000, SECTION COCOYER;;;;971
200700082868;7;6;20;1118;1;2;1;1;7;209;25, ALLEGRE (BOULEVARD);;;;972
200700082873;7;6;23;1140;1;1;1;1;6;209;115, MARNE (BOULEVARD DE;;;;972
200700082885;7;6;1;2005;5;2;1;1;3;213;NELSON MANDELA;;;;972
200700082897;7;6;28;1900;5;2;1;1;6;213;ROUTE DEPARTEMENTALE 14;;;;972
200700082912;7;6;10;1317;1;1;1;1;3;302;CABASSOU (ROUTE DE);;;;973
200700082921;7;6;15;1940;5;2;6;1;3;302;BADUEL (ROUTE DE);;;;973
200700082935;7;6;20;1100;1;2;1;1;3;302;MIRZA (CITE);;;;973
200700082950;7;6;14;1415;1;2;1;1;3;407;TAMATAVE (BOULEVARD);;;;974
200700082962;7;6;8;2310;3;1;1;1;6;411;LITTORAL (ROUTE 1 DU);;;;974
200700082965;7;6;11;1549;1;2;1;1;6;411;362, LECLERC (DU MARECHA;;;;974
200700083027;7;7;26;1230;1;2;1;1;1;224;Quartier Belle Etoile;A;0.0;0.0;972
200700083045;7;7;22;1130;1;2;1;2;1;132;CD 6 - Route Grand Anse;A;0.0;0.0;971
200700083061;7;7;24;830;1;1;1;1;1;128;Barotte;A;0.0;0.0;971
200700083066;7;7;2;1830;5;2;1;1;2;307;CARREFOUR RN1/MACATA;G;0.0;0.0;973
200700083070;7;7;18;1915;4;1;1;2;2;305;;G;0.0;0.0;973
200700083078;7;7;8;1445;1;2;1;1;3;415;rue de Boucan;R;0.0;0.0;974
200700083195;7;7;3;1841;1;2;1;1;6;302;ESTREES (AVENUE D');;;;973
200700083204;7;7;27;1930;5;2;1;1;3;302;ZEPHIR (CITE);;;;973
200700083206;7;7;29;26;4;2;1;1;3;302;MIRZA (CITE);;;;973
200700083210;7;7;26;1636;1;2;1;1;2;302;GALMOT (ZONE ARTISANALE);;;;973
200700083216;7;7;6;1550;1;2;2;1;3;407;JEANNE D'ARC (RUE);;;;974
200700083219;7;7;14;1940;5;2;2;1;3;407;PALLU DE LA BARRIERE;;;;974
200700083228;7;7;4;1005;1;2;1;1;5;411;11, SCHOELCHER (RUE VICT;;;;974
200700083298;7;8;8;1830;2;2;3;8;3;221;rue de la Liberté - RN 7;A;0.0;0.0;972
200700083314;7;8;3;1720;1;2;1;1;3;115;section Vincent;A;0.0;0.0;971
200700083316;7;8;5;1330;1;2;1;1;3;122;;A;0.0;0.0;971
200700083331;7;8;11;1900;5;2;1;2;3;410;Chemin morange;R;0.0;0.0;974
200700083335;7;8;6;1845;5;2;1;1;3;415;480 rue St Louis;R;0.0;0.0;974
200700083337;7;8;10;1715;1;1;1;1;1;415;;R;0.0;0.0;974
200700083342;7;8;3;1715;1;1;1;1;3;415;;R;0.0;0.0;974
200700083343;7;8;12;1600;1;1;1;1;1;414;;R;0.0;0.0;974
200700083368;7;8;11;1745;1;2;9;1;2;309;route des plages;G;0.0;0.0;973
200700083393;7;8;20;400;5;1;1;1;6;101;000, HIBISCUS;;;;971
200700083421;7;8;8;730;1;2;1;1;3;213;ROUTE DEPARTEMENTALE 3;;;;972
200700083446;7;8;17;800;1;2;1;1;3;302;ABOLITION DE L'ESCLAVAGE;;;;973
200700083448;7;8;20;2050;5;2;6;1;3;302;JUBELIN (BOULEVARD);;;;973
200700083452;7;8;22;1645;1;2;1;1;2;302;1, BADUEL (ROUTE DE);;;;973
200700083463;7;8;13;1550;1;2;1;1;3;407;14 JUILLET 1789(AVENUE D;;;;974
200700083464;7;8;15;1125;1;2;2;1;3;407;DOXILE(RUE);;;;974
200700083466;7;8;18;1715;1;2;2;1;3;407;MONPELLIER (RUE);;;;974
200700083544;7;9;17;1915;4;2;1;1;1;229;route de l'enclos;A;0.0;0.0;972
200700083546;7;9;28;1845;5;2;1;1;1;218;avenue Edgard Nestoret;A;0.0;0.0;972
200700083555;7;9;3;2015;5;2;1;1;1;212;VOIE COMMUNALE;A;0.0;0.0;972
200700083571;7;9;11;1730;1;1;1;1;1;115;;A;0.0;0.0;971
200700083578;7;9;29;1830;5;2;1;1;3;116;;A;0.0;0.0;971
200700083584;7;9;25;100;3;1;1;1;5;311;;G;0.0;0.0;973
200700083585;7;9;16;1645;1;2;1;1;1;420;rue de la Source;R;0.0;0.0;974
200700083597;7;9;2;1130;1;2;1;1;5;449;Rue Ferier LEBON;R;0.0;0.0;974
200700083639;7;9;2;1815;1;1;1;1;3;498;;R;0.0;0.0;974
200700083649;7;9;11;1545;4;2;1;1;3;120;00, ACHILLE RENE BOISNEU;;;;971
200700083653;7;9;27;1240;1;2;3;1;3;101;000, GENERAL DE LA CROIX;;;;971
200700083703;7;9;14;646;1;2;3;1;3;302;2566, MADELEINE (ROUTE D;;;;973
200700083716;7;9;25;1834;2;2;3;1;3;302;28, GRANT (CITE);;;;973
200700083718;7;9;26;823;1;1;6;1;3;302;859, BADUEL (ROUTE DE);;;;973
200700083723;7;9;27;1056;1;1;3;1;1;302;12, ZEPHIR (ROCADE);;;;973
200700083730;7;9;11;1410;1;2;1;1;3;407;CHERBOURG(RUE);;;;974
200700083806;7;1;5;1310;1;2;1;1;2;302;FLAMBOYANTS (RUE DES);;;;973
200700083811;7;2;14;850;1;2;1;1;1;302;MONTABO (ROUTE DE) 1;;;;973
200700083822;7;10;19;645;1;1;9;8;2;207;;A;0.0;0.0;972
200700083826;7;10;23;730;1;2;1;1;2;221;RN5;A;0.0;0.0;972
200700083845;7;10;18;1345;1;2;1;7;3;125;les raisins clairs;A;0.0;0.0;971
200700083865;7;10;14;700;1;2;1;1;1;409;cambuston;R;0.0;0.0;974
200700083866;7;10;6;2145;3;1;1;1;6;402;;R;0.0;0.0;974
200700083902;7;10;10;2100;5;1;1;1;1;103;;A;0.0;0.0;971
200700083915;7;10;11;1300;1;2;1;1;3;304;Rue Guidiglo;G;0.0;0.0;973
200700083979;7;10;2;1414;1;2;3;1;2;302;16, CONSTANT CHLORE(RUE);;;;973
200700083985;7;10;4;1810;2;1;1;1;3;302;2100, BADUEL (ROUTE DE);;;;973
200700083991;7;10;5;730;1;2;1;1;1;302;TROUBIRAN (CHEMIN DE);;;;973
200700084003;7;10;11;1420;1;2;3;1;1;302;A1, RABAN (ROUTE DE);;;;973
200700084004;7;10;9;1230;1;2;3;1;3;302;BOUDINOT (AUGUSTE) CITE;;;;973
200700084005;7;10;22;1849;5;2;1;1;2;302;BADUEL (ROUTE DE);;;;973
200700084008;7;10;31;1125;1;2;1;1;2;302;116, MIRZA (CITE);;;;973
200700084020;7;10;2;1655;1;2;1;1;2;407;SAND GEORGES(RUE);;;;974
200700084021;7;10;3;650;1;1;6;1;3;407;ROND POINT SACRE COEUR;;;;974
200700084038;7;10;16;1610;1;2;1;1;3;411;RN2/043;;;;974
200700084044;7;10;16;1200;1;2;1;1;6;411;PROVIDENCE (BOULEVARD DE;;;;974
200700084049;7;10;1;735;1;2;1;1;6;411;1, PITEL (RUE);;;;974
200700084060;7;10;24;1700;1;2;1;1;3;411;MONTAGNE (ROUTE DE LA);;;;974
200700084065;7;10;2;720;1;2;3;1;3;416;MAHY(RUE F DE);;;;974
200700084116;7;11;20;715;1;1;1;1;6;225;;A;0.0;0.0;972
200700084127;7;11;27;1730;2;2;1;1;1;111;Section Piton;A;0.0;0.0;971
200700084136;7;11;18;1215;1;1;1;1;5;118;;A;0.0;0.0;971
200700084142;7;11;17;1015;1;1;1;1;5;108;;A;1590100.0;6122600.0;971
200700084153;7;11;1;2030;3;2;1;1;2;307;8 rue Mahogany;G;0.0;0.0;973
200700084154;7;11;13;1700;1;1;1;1;1;307;;G;0.0;0.0;973
200700084156;7;11;3;1645;1;1;1;1;3;305;;G;0.0;0.0;973
200700084157;7;11;9;1415;1;2;1;3;1;308;RN 2;G;0.0;0.0;973
200700084163;7;11;11;1000;1;2;1;1;1;420;12 rue laurent damour-;R;0.0;0.0;974
200700084166;7;11;23;1710;1;2;1;1;3;406;Bras des Calumets;R;0.0;0.0;974
200700084177;7;11;19;2300;3;1;1;1;1;412;;R;0.0;0.0;974
200700084178;7;11;8;1830;2;2;1;1;1;422;15 bis chemin Tamarins;R;0.0;0.0;974
200700084224;7;11;24;1130;5;2;1;1;5;304;avenue de France;G;0.0;0.0;973
200700084226;7;11;26;1945;4;2;1;1;2;420;rue du Père Fayet;R;0.0;0.0;974
200700084228;7;11;7;1930;5;2;1;1;3;451;CD RUE HYPOLITE PIOT;R;0.0;0.0;974
200700084267;7;11;25;828;1;1;1;1;6;209;0, CHATEAUBOEUF (ROUTE D;;;;972
200700084269;7;11;27;550;2;2;1;2;2;209;0, RELIGIEUSES (ROUTE DE;;;;972
200700084284;7;11;25;1400;1;1;1;1;2;213;ROUTE DEPARTEMENTALE 15;;;;972
200700084294;7;11;5;1555;1;1;1;1;1;302;N33 Bt B, URANUS (CITE);;;;973
200700084302;7;11;10;1547;1;1;1;1;2;302;5, MARINGOUINS (ROND-POI;;;;973
200700084304;7;11;16;1220;1;2;1;1;2;302;18, REPUBLIQUE (BD DE LA;;;;973
200700084307;7;11;19;1728;1;2;1;1;6;302;26, FLAMBOYANTS (RUE DES;;;;973
200700084308;7;11;19;1640;1;1;1;1;1;302;ZEPHIR (ROCADE);;;;973
200700084309;7;11;20;1915;5;2;2;1;3;302;BLANC (LOUIS);;;;973
200700084311;7;11;20;1205;1;1;3;1;1;302;TARZAN (PISTE);;;;973
200700084315;7;11;23;1424;1;1;2;1;3;302;02, ARON (ANDRE);;;;973
200700084323;7;11;29;2030;5;2;6;1;2;302;10, PETIT MONACO (ROND-P;;;;973
200700084335;7;11;22;740;1;2;3;1;3;407;LENINE (AVENUE);;;;974
200700084357;7;11;17;1945;3;2;1;1;6;411;116, CANAL (CHEMIN DU GR;;;;974
200700084442;7;12;26;1800;3;1;1;1;1;111;;A;0.0;0.0;971
200700084462;7;12;2;645;1;1;1;1;2;116;;A;0.0;0.0;971
200700084465;7;12;12;1230;1;2;1;1;2;116;Espérance MORNE A L EAU;A;0.0;0.0;971
200700084467;7;12;12;1615;1;2;1;1;1;307;;G;0.0;0.0;973
200700084564;7;12;3;1712;1;2;4;1;3;107;, GERMAIN ST RUF (AVENUE;;;;971
200700084602;7;12;29;1908;4;1;1;1;6;209;0, ENTAIDE (ROUTE DE L');;;;972
200700084604;7;12;31;1413;1;2;1;1;6;209;0, RAOUL FOLLEREAU (AVEN;;;;972
200700084636;7;12;12;1800;1;2;1;1;6;302;BASSIERE (LEON) CITE THE;;;;973
200700084647;7;12;6;1916;5;1;3;1;1;302;710, JARDINS DU COLLEGE;;;;973
200700084658;7;12;24;1727;1;1;1;1;6;302;TROUBIRAN (CHEMIN DE);;;;973
200700084674;7;12;6;1950;5;2;3;1;3;407;LENINE (AVENUE);;;;974
200700084678;7;12;14;630;1;2;3;1;3;407;COMMUNE DE PARIS (AVENUE;;;;974
200700084687;7;12;30;1705;1;2;2;1;3;407;COMMUNE DE PARIS (AVENUE;;;;974
200700084698;7;12;17;1600;1;2;3;2;3;411;LATTRE DE TASSIGNY (AVEN;;;;974